0	0.9153282607264425	0	0	0.42194000504331736	0	0	0.3623025929164865	0	0	0.2003275558283124	0	0	0	0.02	0	0.05754323626456722	0.0070028366258832265	0.0023074685450561612	0.05168499057580201	0.005426339644854496	0.002960360917800554	-0.04411791630387491	-0.024929252494901025	-0.017228381804319886	-0.05052223678414083	-0.013763776664499544	-0.008780629742712778	0	0	0.2	0	0.0667602974352031	0.056182540270349274	0.0016376404119916497	0.08850932563995875	0.10491305705457046	6.28105417676875e-4	-0.1043190249040547	-0.0307648949258602	-0.25088196151539355	-0.06312908678450224	-3.552402181401234e-4	-0.07212746266728906	0	0	0	0	0	208
0	0.9153282607264425	0	0	0.42194000504331736	0	0	0.3623025929164865	0	0	0.2003275558283124	0	0	0	0.02	0	0.05754323626456722	0.0070028366258832265	0.0023074685450561612	0.05168499057580201	0.005426339644854496	0.002960360917800554	-0.04411791630387491	-0.024929252494901025	-0.017228381804319886	-0.05052223678414083	-0.013763776664499544	-0.008780629742712778	0	0	0.2	0	0.0667602974352031	0.056182540270349274	0.0016376404119916497	0.08850932563995875	0.10491305705457046	6.28105417676875e-4	-0.1043190249040547	-0.0307648949258602	-0.25088196151539355	-0.06312908678450224	-3.552402181401234e-4	-0.07212746266728906	0	0	0	0	0	208
0	0.9586408275754735	0	0	0.4921599845226575	0	0	0.3941347533588367	0	0	0.42337680648113796	0	0	0	0.02	0	0.08902058393019276	0.021931946881892882	0.012519307349492565	0.08075337273839245	0.01795022864146496	0.014417991554367935	-0.014675780304056973	-0.011652978402884123	-0.003156391586086188	-0.028966532419162028	-0.004766139376275985	6.846683474410198e-4	0	0	0.2	0	0.11188123869534485	0.0761034667500272	0.01581733072439801	0.13924374619147284	0.12521010866254179	0.009248195486606488	-0.0622307740731558	-0.007134211743628938	-0.15969605523208247	-0.027848819827896776	0.008610092013690118	-0.026314487304960915	0	0	0	0	0	208
0	0.9746198901470001	0	0	0.5198527305530977	0	0	0.41631252465928037	0	0	0.58835803365334	0	0	0	0.02	0	0.10283440323022108	0.02950379861148971	0.01936269778088117	0.09753442844589223	0.026734356364758766	0.020794678358743462	8.5481934974041e-5	-0.005372791956910983	0.002775045165879675	-0.01900552345969353	-4.278028854851623e-4	0.005244119557327065	0	0	0.2	0	0.13886603190776997	0.08664790456846912	0.025413484617550455	0.16072663115376717	0.1348260958601799	0.019194758135218475	-0.03937596573032448	0.0035589257255717044	-0.10925853203192792	-0.009666213827437486	0.013328593774741937	-0.0028119684190391903	0	0	0	0	0	208
0	0.9881430183197366	0	0	0.5510112314728925	0	0	0.4476739566212319	0	0	0.7492393202380008	0	0	0	0.02	0	0.1187569120480654	0.03734725469883361	0.026138039674406862	0.11170226925150444	0.03398933236521965	0.02803537608174249	0.013977056799671927	9.995902119901423e-4	0.008756515594016023	-0.008856161032050086	0.004421862860742365	0.009330262105355536	0	0	0.2	0	0.16905646901618296	0.09657393175413923	0.037003309627831646	0.18146396320690739	0.1442590209168586	0.033600454204542676	-0.01656009641437653	0.012389507329919613	-0.036681356628672085	0.008426109109525903	0.018441106739382762	0.010752073218682101	0	0	0	0	0	208
0	0.9990417306602798	0	0	0.6277508761957725	0	0	0.8991006107774566	0	0	0.9518416766249761	0	0	0	0.02	0	0.1490428118832212	0.05176476153833788	0.04099629741963524	0.14355386105664694	0.048155029824239665	0.042064951717546574	0.043181240191139114	0.014461452934299771	0.020983947850481185	0.01177866782130505	0.012376419421955647	0.02020556303690062	0	0	0.2	0	0.23560190541009712	0.12236563471719958	0.05611083411509078	0.22122671042486286	0.1653227710498382	0.05725687517074829	0.025026476596096314	0.027944325034967406	0.01119170550327356	0.036278653825461075	0.03282484536108716	0.07088591779322956	0	0	0	0	0	208
0	0.9990417306602798	0	0	0.6277508761957725	0	0	0.8991006107774566	0	0	0.9518416766249761	0	0	0	0.02	0	0.1490428118832212	0.05176476153833788	0.04099629741963524	0.14355386105664694	0.048155029824239665	0.042064951717546574	0.043181240191139114	0.014461452934299771	0.020983947850481185	0.01177866782130505	0.012376419421955647	0.02020556303690062	0	0	0.2	0	0.23560190541009712	0.12236563471719958	0.05611083411509078	0.22122671042486286	0.1653227710498382	0.05725687517074829	0.025026476596096314	0.027944325034967406	0.01119170550327356	0.036278653825461075	0.03282484536108716	0.07088591779322956	0	0	0	0	0	208
0	0.9350224980394397	0	0	0.07319419837187942	0	0	0.6248770059048006	0	0	0.26553093753838936	0	0	0	0.02	0	0.21744686193645246	0.010945109293664974	0.07341253899489676	0.0935062230087833	0.022498116658232634	0.06222758639974043	-0.22711797544286902	-0.06398348854242493	-0.0409238808330183	-0.11377944586543295	-0.026740622797239502	-0.017767588994424165	0	0	0.2	0	0.10824910445905911	0.08155513191746432	0.01141195667115005	0.10770859634316858	0.17703390849870712	3.3794955225750626e-4	-0.15291244321895567	-0.03227989677468916	-0.02569830442826396	-0.10701660629386975	0.013582518929000082	-0.03734026289116202	0	0	0	0	0	45
0	0.9350224980394397	0	0	0.07319419837187942	0	0	0.6248770059048006	0	0	0.26553093753838936	0	0	0	0.02	0	0.21744686193645246	0.010945109293664974	0.07341253899489676	0.0935062230087833	0.022498116658232634	0.06222758639974043	-0.22711797544286902	-0.06398348854242493	-0.0409238808330183	-0.11377944586543295	-0.026740622797239502	-0.017767588994424165	0	0	0.2	0	0.10824910445905911	0.08155513191746432	0.01141195667115005	0.10770859634316858	0.17703390849870712	3.3794955225750626e-4	-0.15291244321895567	-0.03227989677468916	-0.02569830442826396	-0.10701660629386975	0.013582518929000082	-0.03734026289116202	0	0	0	0	0	45
0	0.972042703465679	0	0	0.33172227327185916	0	0	0.71180062719904	0	0	0.3860308370857924	0	0	0	0.02	0	0.2815538546325221	0.04664469161720149	0.08443183070885639	0.13213422681997528	0.052787261709741115	0.07536723990066588	-0.15660270941467913	-0.013508297605549752	-0.025598055314897117	-0.06633287525472753	-0.0031578646363379093	-0.005436459042294367	0	0	0.2	0	0.25408494288160205	0.13531664134577615	0.032040182018741065	0.21492079132337044	0.23120044249422936	0.010527181826644149	-0.09778927574459939	0.007891744901674103	-0.0012643962279507426	-0.01621786301383671	0.045255550492094176	-0.022672820988135667	0	0	0	0	0	45
0	0.98656582208389	0	0	0.6393986005646844	0	0	0.7989048295247201	0	0	0.5073374816689749	0	0	0	0.02	0	0.3132684072548904	0.06869828009584461	0.08947194696002152	0.15988071123599307	0.06734830203202151	0.08125743681655179	-0.11498423984448525	0.009389585509321452	-0.016705952058737594	-0.030884905824257847	0.010194097451602824	-5.911321335225206e-4	0	0	0.2	0	0.31344063457992466	0.15853450731278898	0.040734563638819735	0.2512030747771494	0.2571696919120557	0.019450285000920026	-0.0630210990999654	0.035431179038468597	0.010722692583538085	0.013483795141336241	0.05937491336784917	-0.017463193253279052	0	0	0	0	0	45
0	0.9951118138589478	0	0	0.7542604834217392	0	0	0.9022270838082037	0	0	0.6477834653376803	0	0	0	0.02	0	0.343974844646677	0.08798913812901465	0.09471678551646294	0.19476380711240698	0.08182064126019237	0.08819989504462893	-0.06911473477675498	0.033049400503569526	-0.008354407613887033	0.005121102618819762	0.023084732766155802	0.004782887166242478	0	0	0.2	0	0.36893050823788714	0.18116270953072514	0.048413898127351036	0.2843418720727432	0.2806726557781081	0.029206552027684	-0.02153458927035712	0.0654277853544259	0.019623019672605213	0.04201692708447341	0.074384391693806	-0.011727004518512274	0	0	0	0	0	45
0	0.9997823754587546	0	0	0.859617202751685	0	0	0.9883632371584314	0	0	0.8729545360456183	0	0	0	0.02	0	0.5398800321953506	0.1259589909221636	0.10658149950228678	0.38040699811922324	0.1124077487158957	0.10072257045805179	0.03042988379549766	0.07959682350488785	0.007213393451668975	0.0894748512071036	0.05102839467019872	0.014327661972925084	0	0	0.2	0	0.5257319675226607	0.22895103355091087	0.06148509492474183	0.3536348548439418	0.333105785795643	0.04761327978613474	0.08555030651297461	0.11404805056591143	0.033783161064219795	0.09130903826587615	0.10239331717304259	-0.0014338984370789128	0	0	0	0	0	45
0	0.9997823754587546	0	0	0.859617202751685	0	0	0.9883632371584314	0	0	0.8729545360456183	0	0	0	0.02	0	0.5398800321953506	0.1259589909221636	0.10658149950228678	0.38040699811922324	0.1124077487158957	0.10072257045805179	0.03042988379549766	0.07959682350488785	0.007213393451668975	0.0894748512071036	0.05102839467019872	0.014327661972925084	0	0	0.2	0	0.5257319675226607	0.22895103355091087	0.06148509492474183	0.3536348548439418	0.333105785795643	0.04761327978613474	0.08555030651297461	0.11404805056591143	0.033783161064219795	0.09130903826587615	0.10239331717304259	-0.0014338984370789128	0	0	0	0	0	45
0	0.8484639628009143	0	0	0.01082670105012296	0	0	0.6980714290358273	0	0	0.45466312720271124	0	0	0	0.02	0	0.1993242339129456	0.1657443786240466	0.0014244529412616913	0.01001861604512868	0.04083249380542591	0.0020818590861532006	-0.06856100375494	-0.148029418361721	-0.22632132099344962	-0.20972967971865192	-0.09405091991454771	-0.08068392300218041	0	0	0.2	0	0.2021631169780728	0.15115658167532486	0.06230625907058328	0.026128559214619543	0.23332558525015495	0.06872315713499826	-0.09889762444291232	-0.052338952620795166	-0.024356594528912097	-0.23890540270365027	0.015628590011985723	-0.02041095001534385	0	0	0	0	0	298
0	0.8484639628009143	0	0	0.01082670105012296	0	0	0.6980714290358273	0	0	0.45466312720271124	0	0	0	0.02	0	0.1993242339129456	0.1657443786240466	0.0014244529412616913	0.01001861604512868	0.04083249380542591	0.0020818590861532006	-0.06856100375494	-0.148029418361721	-0.22632132099344962	-0.20972967971865192	-0.09405091991454771	-0.08068392300218041	0	0	0.2	0	0.2021631169780728	0.15115658167532486	0.06230625907058328	0.026128559214619543	0.23332558525015495	0.06872315713499826	-0.09889762444291232	-0.052338952620795166	-0.024356594528912097	-0.23890540270365027	0.015628590011985723	-0.02041095001534385	0	0	0	0	0	298
0	0.8895169971189982	0	0	0.03702794095478825	0	0	0.8055671536449805	0	0	0.5890743473473866	0	0	0	0.02	0	0.33033114056825075	0.2139146620651805	0.01116145515454257	0.05784323717806065	0.0605828225420867	0.018321779511285635	0.038445979772606054	-0.0985170454237595	-0.11706838455818544	-0.1153511554899617	-0.06777293487686323	-0.020795358256342183	0	0	0.2	0	0.3445467574061241	0.19037520540708303	0.0875956883730254	0.13568420189993086	0.2703476753513592	0.09603768484879184	0.005439466166680229	-0.021104361111868086	-0.0052611954775323155	-0.13886100766427065	0.03705530570482696	-0.006646453091606885	0	0	0	0	0	298
0	0.9092215590925259	0	0	0.06099093289952669	0	0	0.8797934967209535	0	0	0.6649470917286697	0	0	0	0.02	0	0.3901175642445134	0.23433573245839515	0.020011890883566218	0.11212437140688697	0.07113265301880572	0.02717027287614954	0.08594647243076792	-0.07675075179791008	-0.060765303325440556	-0.06607302295667378	-0.05629067828540668	0.00342048739664913	0	0	0.2	0	0.42745153918559964	0.21034694064452697	0.10055142364346002	0.20955244025701575	0.286946333703469	0.10814035634956831	0.055564529606546564	-0.005654893061420585	0.0028591193125927505	-0.09118996279745373	0.047710364536339256	-7.742612763890766e-4	0	0	0	0	0	298
0	0.9306262682573209	0	0	0.08911629342772531	0	0	0.9440951006248054	0	0	0.7399352416715554	0	0	0	0.02	0	0.46128768515904045	0.2546360220003596	0.029029669924715083	0.17847290025282359	0.08194328705089675	0.03619492133293091	0.14073071086085587	-0.052572948037894696	-0.028022013085810538	-0.022401436407875897	-0.044722102950212284	0.017586497271712354	0	0	0.2	0	0.5145284637283988	0.23028854545495964	0.1138894136471501	0.2878923142784543	0.3048720432414807	0.11877921884754819	0.10462728497730778	0.010123459187027284	0.009874301883449565	-0.04077995443564614	0.058790133600235384	0.007396253933127761	0	0	0	0	0	298
0	0.9953819735978865	0	0	0.2415098116006953	0	0	0.9947262900965687	0	0	0.9131934386246455	0	0	0	0.02	0	0.6269929738156698	0.2962707541038459	0.05048321683653595	0.3514496441865479	0.0990824046818342	0.053673529132100835	0.25988872869771606	-0.004268021633307002	0.014614879453079896	0.06330231708484918	-0.019562480632454884	0.05062022931093469	0	0	0.2	0	0.6741083664008295	0.2654220864929756	0.13433885344368418	0.4568049325008075	0.3368786195353926	0.13824764031714115	0.212749235242335	0.03672993305046483	0.02605912064305551	0.03642122835241414	0.08250159439774021	0.023530908068051096	0	0	0	0	0	298
0	0.9953819735978865	0	0	0.2415098116006953	0	0	0.9947262900965687	0	0	0.9131934386246455	0	0	0	0.02	0	0.6269929738156698	0.2962707541038459	0.05048321683653595	0.3514496441865479	0.0990824046818342	0.053673529132100835	0.25988872869771606	-0.004268021633307002	0.014614879453079896	0.06330231708484918	-0.019562480632454884	0.05062022931093469	0	0	0.2	0	0.6741083664008295	0.2654220864929756	0.13433885344368418	0.4568049325008075	0.3368786195353926	0.13824764031714115	0.212749235242335	0.03672993305046483	0.02605912064305551	0.03642122835241414	0.08250159439774021	0.023530908068051096	0	0	0	0	0	298
0	0.7397237978324571	0	0	0.5641136029721163	0	0	0.41219768956534436	0	0	0.20930326029950178	0	0	0	0.02	0	0.11142234437656225	0.09093277081276599	0.005353079928760596	0.1140612925677412	0.03587661599215846	0.013802865348480983	-0.10787391928397379	-0.062235467030059305	-0.015629037801899327	-0.04006456455363979	-0.026472170529986648	-4.955297677600165e-5	0	0	0.2	0	0.11788965081312941	0.20742539222561657	0.0022953065367999578	0.10466449994333298	0.2947359426002101	0.004626880875209802	-0.11035689711096283	-0.0761315236031179	-0.014563172711504745	-0.07129361974513514	-0.02971845534526885	-0.021551140018008473	0	0	0	0	0	432
0	0.7397237978324571	0	0	0.5641136029721163	0	0	0.41219768956534436	0	0	0.20930326029950178	0	0	0	0.02	0	0.11142234437656225	0.09093277081276599	0.005353079928760596	0.1140612925677412	0.03587661599215846	0.013802865348480983	-0.10787391928397379	-0.062235467030059305	-0.015629037801899327	-0.04006456455363979	-0.026472170529986648	-4.955297677600165e-5	0	0	0.2	0	0.11788965081312941	0.20742539222561657	0.0022953065367999578	0.10466449994333298	0.2947359426002101	0.004626880875209802	-0.11035689711096283	-0.0761315236031179	-0.014563172711504745	-0.07129361974513514	-0.02971845534526885	-0.021551140018008473	0	0	0	0	0	432
0	0.901148610111292	0	0	0.6454302923525529	0	0	0.4982102663900583	0	0	0.2843064777809991	0	0	0	0.02	0	0.15356162769158166	0.10925417213938408	0.02429633726134907	0.1552422418650771	0.056727494675271786	0.04093559027575662	-0.07164502150846927	-0.04506668228502786	-0.0031408401706730926	-0.01561959900624979	-0.01263462244608779	0.009281378239489824	0	0	0.2	0	0.17827938107344754	0.23840193650732172	0.023330470505097758	0.17538106259824696	0.3306153158575137	0.034421732882593946	-0.06185259617362099	-0.04630411669732026	0.02375451420207836	-0.03449865168169172	-0.01056759095053486	-0.002271284995481737	0	0	0	0	0	432
0	0.9454164617463165	0	0	0.6910668820313013	0	0	0.5448819399334852	0	0	0.3229561501640454	0	0	0	0.02	0	0.17328319126565173	0.12158130170143451	0.03672854820158676	0.1775541179868257	0.06737112767272385	0.05228458357414064	-0.051002466261090396	-0.036498350388396716	0.004919793832861896	-0.004545329210368543	-0.005759112725394533	0.01547649416086938	0	0	0.2	0	0.21147071189284217	0.25243958723963134	0.04045939681355862	0.20202936265137061	0.34782295949404773	0.06057776434302681	-0.034984993395222264	-0.031046093609997716	0.03547574051647606	-0.01617371800184919	-2.977663714580636e-4	0.005506416197861852	0	0	0	0	0	432
0	0.9721442087715694	0	0	0.7292296541079759	0	0	0.5944288120233655	0	0	0.37523088494858153	0	0	0	0.02	0	0.19343328848151992	0.134009166960998	0.04834951933912884	0.2075587966613361	0.07749992371770904	0.061849691962233375	-0.03386794402781576	-0.02694309905724085	0.013786740921392426	0.008077075738783412	0.0016655388987976694	0.020910518245560394	0	0	0.2	0	0.2452828955230304	0.26794987147614374	0.06212310094192089	0.2332938312368385	0.3660828604511315	0.08870272356950239	-0.009566449383172276	-0.016760387040617247	0.04642765551055128	0.0044010105985434755	0.01044274263647782	0.01405320349854483	0	0	0	0	0	432
0	0.995550472050304	0	0	0.8036484762108722	0	0	0.7305454538713886	0	0	0.5517951189676631	0	0	0	0.02	0	0.22891830606496413	0.153570600015883	0.06482800865078155	0.26984953974073256	0.10408330626715608	0.07898651023583995	0.004710327664039353	-0.00943305283935439	0.029833897245450512	0.03676466202555883	0.01431969158034868	0.033689974863537184	0	0	0.2	0	0.2978658718734956	0.30145982850225667	0.09681555590832114	0.2975006215760441	0.40156895153434735	0.13687970704754499	0.04491857781335342	0.013338165612627146	0.06920547339231432	0.04330022865910654	0.02990483483397393	0.030690424679065673	0	0	0	0	0	432
0	0.995550472050304	0	0	0.8036484762108722	0	0	0.7305454538713886	0	0	0.5517951189676631	0	0	0	0.02	0	0.22891830606496413	0.153570600015883	0.06482800865078155	0.26984953974073256	0.10408330626715608	0.07898651023583995	0.004710327664039353	-0.00943305283935439	0.029833897245450512	0.03676466202555883	0.01431969158034868	0.033689974863537184	0	0	0.2	0	0.2978658718734956	0.30145982850225667	0.09681555590832114	0.2975006215760441	0.40156895153434735	0.13687970704754499	0.04491857781335342	0.013338165612627146	0.06920547339231432	0.04330022865910654	0.02990483483397393	0.030690424679065673	0	0	0	0	0	432
0	0.9525854459114851	0	0	0.14015691722497162	0	0	0.6054564382391056	0	0	0.5381501145670894	0	0	0	0.02	0	0.0055886916349436955	0.048299881274787196	0.04419357317541932	0.0031986476043895018	0.01397140699434908	0.026112193096545094	0.016953939582958242	-0.014086810045333473	-0.019989904852498755	-0.03770642698239862	-0.011751262357402382	-8.161283666936497e-4	0	0	0.2	0	0.0019426695358607852	0.17847535829942282	0.038671448522112024	0.002273347924002069	0.1799460944463741	2.899333580705469e-4	-0.04700997547519391	0.00592722354799064	-0.28335182234701434	-0.18988639828830256	6.647655405344512e-4	-0.0586781533476943	0	0	0	0	0	103
0	0.9525854459114851	0	0	0.14015691722497162	0	0	0.6054564382391056	0	0	0.5381501145670894	0	0	0	0.02	0	0.0055886916349436955	0.048299881274787196	0.04419357317541932	0.0031986476043895018	0.01397140699434908	0.026112193096545094	0.016953939582958242	-0.014086810045333473	-0.019989904852498755	-0.03770642698239862	-0.011751262357402382	-8.161283666936497e-4	0	0	0.2	0	0.0019426695358607852	0.17847535829942282	0.038671448522112024	0.002273347924002069	0.1799460944463741	2.899333580705469e-4	-0.04700997547519391	0.00592722354799064	-0.28335182234701434	-0.18988639828830256	6.647655405344512e-4	-0.0586781533476943	0	0	0	0	0	103
0	0.974985170611515	0	0	0.18402189270457078	0	0	0.8078352446830477	0	0	0.6047532570814633	0	0	0	0.02	0	0.04072806385790413	0.05802542777325506	0.052998249935494395	0.026086739386464122	0.019809255193951214	0.03411668829688939	0.07467051830562099	-0.00694118279767611	-0.011875317680570763	-0.005558321888002038	-0.006610444307785762	0.0052880406359688825	0	0	0.2	0	0.025366346457792992	0.20276943442536258	0.05495265105381938	0.019195277549599085	0.20282279703706801	0.005527238280903025	0.07319012015232662	0.029185092527230228	-0.18706111497340175	-0.12361182240357294	0.015958436143289845	-3.246813510292823e-4	0	0	0	0	0	103
0	0.9843517417274763	0	0	0.21234130938348358	0	0	0.8910818086161868	0	0	0.6289353502099626	0	0	0	0.02	0	0.07970240435386772	0.06252833349258449	0.05782871515308677	0.051476497256921744	0.02372823160268763	0.03798390104872466	0.1074188142075172	-0.0029131510590771903	-0.007845050914866758	0.009064908450947096	-0.004020647748893047	0.008531402944350064	0	0	0.2	0	0.06110021748597541	0.21275285842882707	0.06468510999320387	0.040664892482294865	0.21603126715163262	0.0121895521544568	0.11752774806798483	0.04194257870493412	-0.1410391171584769	-0.09192392868393068	0.02342755845164113	0.022466157509342444	0	0	0	0	0	103
0	0.9927876492319264	0	0	0.24297354882245956	0	0	0.9505829736811309	0	0	0.6541552429994948	0	0	0	0.02	0	0.1207089603852709	0.06720934174585827	0.06261627810246792	0.07975211024131298	0.027376548416495887	0.04262943384273685	0.1391453866772937	7.32141367851602e-4	-0.0037567370385816756	0.025916832362956832	-0.0012899376932618	0.011447183105819825	0	0	0.2	0	0.13385575538431047	0.22293711577606246	0.07413770749433786	0.07754101250880928	0.2287509437329043	0.022776410066362628	0.15303775717711077	0.05478352871962805	-0.0994378727632694	-0.06396806129146532	0.031150527987405918	0.05337179650825563	0	0	0	0	0	103
0	0.9990752226532119	0	0	0.4071416785952957	0	0	0.996066092917929	0	0	0.7025249690389311	0	0	0	0.02	0	0.21800193996606454	0.0763325193949778	0.07185618595564172	0.13807037297547944	0.034137648386138836	0.05190770794140928	0.18973056898627982	0.007468084055085822	0.0034315042838758037	0.0603909218030838	0.0036363132381671526	0.01640729603926244	0	0	0.2	0	0.5107189808571796	0.2426440783219494	0.0909287554829185	0.17137115706285033	0.2538741422292063	0.05035450783322393	0.21251787921381085	0.07540855484662934	-0.0501400721694503	0.004932426123873969	0.044762298615868105	0.11071862462285226	0	0	0	0	0	103
0	0.9990752226532119	0	0	0.4071416785952957	0	0	0.996066092917929	0	0	0.7025249690389311	0	0	0	0.02	0	0.21800193996606454	0.0763325193949778	0.07185618595564172	0.13807037297547944	0.034137648386138836	0.05190770794140928	0.18973056898627982	0.007468084055085822	0.0034315042838758037	0.0603909218030838	0.0036363132381671526	0.01640729603926244	0	0	0.2	0	0.5107189808571796	0.2426440783219494	0.0909287554829185	0.17137115706285033	0.2538741422292063	0.05035450783322393	0.21251787921381085	0.07540855484662934	-0.0501400721694503	0.004932426123873969	0.044762298615868105	0.11071862462285226	0	0	0	0	0	103
0	0.9463555577164494	0	0	0.3832760264387029	0	0	0.4519989192341875	0	0	0.5437235551405888	0	0	0	0.02	0	0.0640470532225884	0.040154551073852726	0.013222318887183062	0.051618622603907933	0.017130607996930964	5.629123783016457e-4	-0.06739165461863708	-0.007632148816910855	-0.01874033941274627	-0.02053879270942603	-0.004517044504691275	-0.009335586437057602	0	0	0.2	0	0.2021427561832615	0.09388318358823138	0.16223453894306158	0.01199216141043903	0.23088314332268375	0.0065880106576484895	-0.15323979534706503	0.031541949194755725	-0.04052194653723536	-0.14773205979226822	0.05608773104695891	-0.07632674739699385	0	0	0	0	0	121
0	0.9463555577164494	0	0	0.3832760264387029	0	0	0.4519989192341875	0	0	0.5437235551405888	0	0	0	0.02	0	0.0640470532225884	0.040154551073852726	0.013222318887183062	0.051618622603907933	0.017130607996930964	5.629123783016457e-4	-0.06739165461863708	-0.007632148816910855	-0.01874033941274627	-0.02053879270942603	-0.004517044504691275	-0.009335586437057602	0	0	0.2	0	0.2021427561832615	0.09388318358823138	0.16223453894306158	0.01199216141043903	0.23088314332268375	0.0065880106576484895	-0.15323979534706503	0.031541949194755725	-0.04052194653723536	-0.14773205979226822	0.05608773104695891	-0.07632674739699385	0	0	0	0	0	121
0	0.9755022497031545	0	0	0.4319850653500516	0	0	0.6911795051100454	0	0	0.6599409103718622	0	0	0	0.02	0	0.11447466184300803	0.04994443853779955	0.021629336926411762	0.08432691888861024	0.02292668360863947	0.003201651025788655	-0.03593508951231722	-0.0014758277457818658	-0.010664386992852298	-0.003677350520679773	5.931874497168144e-4	-0.005157253662919775	0	0	0.2	0	0.31554645358307554	0.1115303435501657	0.17721371785551437	0.05064621958145507	0.24599042253119818	0.027381277747706156	-0.09140662867779101	0.04712109895168631	-0.02912443058497388	-0.10554515490895339	0.06846051512486845	-0.0649939713535426	0	0	0	0	0	121
0	0.9865690348510403	0	0	0.45358020028025575	0	0	0.8208904481443251	0	0	0.7036376525087853	0	0	0	0.02	0	0.13992656401698098	0.054413781815739665	0.025706880488704217	0.10048921089985872	0.025650304802524324	0.006113685799037604	-0.019004562622267518	0.002029328324349655	-0.007263222718287665	0.0064851877413537595	0.0034439524138711874	-0.0027321348994566175	0	0	0.2	0	0.37351016743011056	0.12225357241843335	0.18429733261173906	0.08014714287082897	0.255045904826281	0.03597960731031521	-0.05219841277877896	0.054780164823933664	-0.021948072601642665	-0.08386969605635947	0.0744536149563827	-0.0585013653455248	0	0	0	0	0	121
0	0.9942909328323271	0	0	0.4743782859543368	0	0	0.9214919628168985	0	0	0.7454201439847395	0	0	0	0.02	0	0.16329520281469595	0.05919473373650715	0.03005877876441829	0.11567534261341454	0.030010680910867914	0.009842333622771522	-0.002255755459489278	0.005767771049330017	-0.003909833102369253	0.014992656163867413	0.006232217608926505	-8.379848925627043e-6	0	0	0.2	0	0.4280844154654296	0.13388423156542528	0.19186678733668866	0.1079425902456433	0.2627964221557791	0.04433385598347266	-0.016508389842730065	0.06280701378835635	-0.014346706414996802	-0.06327805899738884	0.08098765663232987	-0.053170654581868426	0	0	0	0	0	121
0	0.9995033463521509	0	0	0.5091391803711112	0	0	0.9920463241557163	0	0	0.8144256410566214	0	0	0	0.02	0	0.21148787301018446	0.0682834693284342	0.03768870403730328	0.145654368290302	0.03612920333203953	0.016947653713761016	0.034555273241987906	0.012085273259375714	0.002821786220778848	0.03262921972659442	0.011303632018405974	0.006670183178044726	0	0	0.2	0	0.5198714952746222	0.15217129354574357	0.20634963517429275	0.1528308598658416	0.2771863857788525	0.05926878311962829	0.052961260160253154	0.07520080480637988	-0.0010228916051233598	-0.017825642429405066	0.09216354742318279	-0.043141516683863367	0	0	0	0	0	121
0	0.9995033463521509	0	0	0.5091391803711112	0	0	0.9920463241557163	0	0	0.8144256410566214	0	0	0	0.02	0	0.21148787301018446	0.0682834693284342	0.03768870403730328	0.145654368290302	0.03612920333203953	0.016947653713761016	0.034555273241987906	0.012085273259375714	0.002821786220778848	0.03262921972659442	0.011303632018405974	0.006670183178044726	0	0	0.2	0	0.5198714952746222	0.15217129354574357	0.20634963517429275	0.1528308598658416	0.2771863857788525	0.05926878311962829	0.052961260160253154	0.07520080480637988	-0.0010228916051233598	-0.017825642429405066	0.09216354742318279	-0.043141516683863367	0	0	0	0	0	121
0	0.955040023073748	0	0	0.16979363080954923	0	0	0.45562420086885363	0	0	0.49205080822806035	0	0	0	0.02	0	0.12764774209968663	0.06001401118237128	0.0020059787716776582	0.08810817724257175	0.0017617887732622266	0.02832565039760886	-0.18286140553098193	-0.041950249500719836	-0.016138055606298614	-0.0696463533230239	-0.0332386089879748	-0.004825360849764787	0	0	0.2	0	0.02128799012524459	0.17490583846386795	0.0030712069178404472	0.24523463768877735	0.15223982588011328	0.012535067312241651	-0.21146731666836194	-0.07693307958836718	-0.03371179485423398	-0.006415874008984395	-0.031234982214558324	-0.029152853995451578	0	0	0	0	0	802
0	0.955040023073748	0	0	0.16979363080954923	0	0	0.45562420086885363	0	0	0.49205080822806035	0	0	0	0.02	0	0.12764774209968663	0.06001401118237128	0.0020059787716776582	0.08810817724257175	0.0017617887732622266	0.02832565039760886	-0.18286140553098193	-0.041950249500719836	-0.016138055606298614	-0.0696463533230239	-0.0332386089879748	-0.004825360849764787	0	0	0.2	0	0.02128799012524459	0.17490583846386795	0.0030712069178404472	0.24523463768877735	0.15223982588011328	0.012535067312241651	-0.21146731666836194	-0.07693307958836718	-0.03371179485423398	-0.006415874008984395	-0.031234982214558324	-0.029152853995451578	0	0	0	0	0	802
0	0.9830790871029085	0	0	0.2430169041187491	0	0	0.5623095111723834	0	0	0.6829307957253921	0	0	0	0.02	0	0.24920408608465563	0.08473847852069366	0.018103498417204072	0.18633163704943886	0.012651571113706931	0.039724351353066914	-0.11675350817598243	-0.01620293222674815	-0.0064872609215876065	-0.027438826720876885	-0.020962462890232597	0.0029540754946922876	0	0	0.2	0	0.12888168078972229	0.21187744174974954	0.023244449565258393	0.31282061283990015	0.1891949147471896	0.05787111795995438	-0.13388184966964423	-0.043838241384974413	0.0013009791817966132	0.042883659521337436	-0.006711111747829096	-0.011752259810216437	0	0	0	0	0	802
0	0.9913129856301492	0	0	0.2673330548943763	0	0	0.6339848783131887	0	0	0.7978101512507771	0	0	0	0.02	0	0.29627505335559357	0.09776991760815752	0.029145335771008158	0.23605542895442055	0.022649064704102058	0.044541109765218634	-0.0816899088079619	-0.006166676181220521	-0.0019528713039593248	-0.006594270476655839	-0.013307701922553428	0.006334118663245514	0	0	0.2	0	0.1838313563437031	0.2373167077144294	0.04453251116609713	0.34410093248761886	0.20845568682164262	0.07632769193334132	-0.09620097595205923	-0.024509983253867884	0.010019958435833809	0.07048349762168027	0.005839354846992606	-0.005286333391242792	0	0	0	0	0	802
0	0.9965030734940408	0	0	0.29337186128635	0	0	0.731465604056497	0	0	0.8946173226841597	0	0	0	0.02	0	0.34651186689023944	0.11022487017364692	0.03758961325166376	0.28207602557608286	0.037295200163620375	0.04955846717581562	-0.04600217129339762	0.0034130430000901546	0.003093832574594002	0.010946896063585954	-0.006519989838694923	0.010780487646095238	0	0	0.2	0	0.2413272747164744	0.2594646487839406	0.07131182268430596	0.3816083166748733	0.22892539887916663	0.08694980459560862	-0.053972569064693554	-0.00565853826352905	0.018667533274640213	0.0945903200475457	0.019027219883949953	0.0012351195321503305	0	0	0	0	0	802
0	0.9996551893082665	0	0	0.34897295735980954	0	0	0.9101282417716726	0	0	0.9909103415185477	0	0	0	0.02	0	0.44207067843513687	0.13834453475259131	0.049240511189710616	0.35487678560005614	0.060027096039978564	0.06415312473517054	0.027641895247591825	0.01978016393618028	0.014069159821502112	0.05460181390482767	0.008581200196455462	0.02262887408541376	0	0	0.2	0	0.357606495933506	0.3000138349150824	0.09414112221407453	0.4523895634733488	0.26677857738708355	0.10186261141590891	0.0211706605668668	0.024956602967555912	0.03647774390451807	0.1474863645857304	0.04676391840122936	0.01954581037194482	0	0	0	0	0	802
0	0.9996551893082665	0	0	0.34897295735980954	0	0	0.9101282417716726	0	0	0.9909103415185477	0	0	0	0.02	0	0.44207067843513687	0.13834453475259131	0.049240511189710616	0.35487678560005614	0.060027096039978564	0.06415312473517054	0.027641895247591825	0.01978016393618028	0.014069159821502112	0.05460181390482767	0.008581200196455462	0.02262887408541376	0	0	0.2	0	0.357606495933506	0.3000138349150824	0.09414112221407453	0.4523895634733488	0.26677857738708355	0.10186261141590891	0.0211706605668668	0.024956602967555912	0.03647774390451807	0.1474863645857304	0.04676391840122936	0.01954581037194482	0	0	0	0	0	802
0	0.8212868975676026	0	0	0.004416301594401304	0	0	0.45848133348576325	0	0	0.4621637516800034	0	0	0	0.02	0	0.050404336073549154	0.014056867793698913	0.003750089310707707	0.0197382262855932	0.021919904635373088	5.339350024563024e-4	-0.08778874022534044	-0.0224491157624891	-0.0017459873306460872	-0.08264240746056516	-8.942991256421284e-4	-0.012588199032247395	0	0	0.2	0	0.01808913479355458	0.0616252108712102	0.005407123505329411	0.01304808867429895	0.12142997775364835	4.7981598389011253e-4	-0.06943815326925	-0.009450425799979003	-0.24596751607005202	-0.09322423728716236	0.003416288532929046	-0.023908955885595693	0	0	0	0	0	519
0	0.8212868975676026	0	0	0.004416301594401304	0	0	0.45848133348576325	0	0	0.4621637516800034	0	0	0	0.02	0	0.050404336073549154	0.014056867793698913	0.003750089310707707	0.0197382262855932	0.021919904635373088	5.339350024563024e-4	-0.08778874022534044	-0.0224491157624891	-0.0017459873306460872	-0.08264240746056516	-8.942991256421284e-4	-0.012588199032247395	0	0	0.2	0	0.01808913479355458	0.0616252108712102	0.005407123505329411	0.01304808867429895	0.12142997775364835	4.7981598389011253e-4	-0.06943815326925	-0.009450425799979003	-0.24596751607005202	-0.09322423728716236	0.003416288532929046	-0.023908955885595693	0	0	0	0	0	519
0	0.938593564293686	0	0	0.11084042507752415	0	0	0.6946413674830695	0	0	0.5951645835423527	0	0	0	0.02	0	0.0873633056944464	0.024766524563538547	0.016735183041869755	0.0597678227935758	0.03274955032923861	0.004216577569730624	-0.039952487939261094	-0.014914199843769516	0.005865034675029468	-0.012366740715837876	0.00549340050650321	-0.0077704563333799714	0	0	0.2	0	0.07330646178372816	0.07974575092539275	0.023619224031990255	0.0944149466398986	0.1432367847669661	0.003617628986424866	0.015836476523756582	0.006072980744970091	-7.213653692032251e-4	-0.00996808501086377	0.014986104160978564	-0.014983553483201656	0	0	0	0	0	519
0	0.9795868444167328	0	0	0.19072036274695542	0	0	0.8122152249834004	0	0	0.6546254207562179	0	0	0	0.02	0	0.11629277235925436	0.03046596547462977	0.02243179549851783	0.08503697867780759	0.03848481988558139	0.0078036081797539306	-0.0181347210955366	-0.01075047716522376	0.00968877224679876	0.004806295471097233	0.008399065148989249	-0.005166612602650722	0	0	0.2	0	0.11045757249345886	0.08829656951977499	0.032777367552215095	0.14888477211401507	0.15402819568550072	0.008133908524887056	0.058676718622217794	0.014332993617944934	0.007756562020759139	0.020404880867880948	0.022070466102085518	-0.010182933110623515	0	0	0	0	0	519
0	0.9947486649006355	0	0	0.28062153312774024	0	0	0.9100145805208689	0	0	0.7071074456049847	0	0	0	0.02	0	0.1695929284818204	0.03509259479584507	0.027815240112840558	0.11459743053203533	0.043712728214602106	0.012506946539675035	0.008285196259429028	-0.006902757708855539	0.014122136993640733	0.019199880370097122	0.011397035511654385	-0.0024310735074678236	0	0	0.2	0	0.1580558491057273	0.09668126690104024	0.04038342574189643	0.20007730398583298	0.1643490104666502	0.015143780564178543	0.10028956108385306	0.021964576247558043	0.014612131770641301	0.04472467440339617	0.028388748861298274	-0.0056801360481798235	0	0	0	0	0	519
0	0.9995897303164785	0	0	0.5074308068190732	0	0	0.9907034018494534	0	0	0.8000469631462108	0	0	0	0.02	0	0.5148702810962864	0.04596957236560039	0.0371274130490321	0.2816071077142109	0.054044441137095264	0.022424383523108743	0.11158482005741155	0.0010151807468165293	0.020761623868021255	0.08762557236347847	0.017952767318619264	0.002807711033008292	0	0	0.2	0	0.3990758429922999	0.11418945889894244	0.0579082973460534	0.3157682582732771	0.18210962754307558	0.05334682415046569	0.18304936877075265	0.03571873399527352	0.025667209165597313	0.1047848856479786	0.03925053452525448	0.07166086152940858	0	0	0	0	0	519
0	0.9995897303164785	0	0	0.5074308068190732	0	0	0.9907034018494534	0	0	0.8000469631462108	0	0	0	0.02	0	0.5148702810962864	0.04596957236560039	0.0371274130490321	0.2816071077142109	0.054044441137095264	0.022424383523108743	0.11158482005741155	0.0010151807468165293	0.020761623868021255	0.08762557236347847	0.017952767318619264	0.002807711033008292	0	0	0.2	0	0.3990758429922999	0.11418945889894244	0.0579082973460534	0.3157682582732771	0.18210962754307558	0.05334682415046569	0.18304936877075265	0.03571873399527352	0.025667209165597313	0.1047848856479786	0.03925053452525448	0.07166086152940858	0	0	0	0	0	519
