253.90603349586874	235.97476923883596	491.63932353239727	-0	-0	-0	0.5098427462784891	1.0600150536289914	2.1678254442030513	4.371962914765456	0.11661643893560762	0.24245746688495318	0.4958471712744036	0	0	0	0	0	0	0	0	0	0	0	0	0	0	0	0.019100888440165456	0.16886368214576208	0	0	0	0.8521159851508434	0	0.05167696216365827	0	0	0	0.9980284990110807	0	1.0263336977553303e-4	0	0	0.9181558801836683	0.7564056938788293	0.991055113919676	0.9997242599305841	0.12631347787460143	0.011436092769146283	0.027105763060901716	0.7912404986111382	0.5948966218651106	0.21632776537536166	0.11620151546812589	0.009074773575997492	0.019022391723593168	1.0558805387337569	1.3035874548754207	0.3212495528055819	-0.08213424455881675	-0.05131077889128887	-0.01611401493984231	-1.1592485890556876	-0.5291980181211504	-0.27259303519280587	-0.09967209763843313	-0.025907449338749645	-0.009318514198923057	-0.7239432758799079	-0.07205918093877514	-0.12323153018338062	4.371962914765456	600	0.901255	1.025378350665954	180	180	0	0	48.925917152076806	20.581826587046905	41.71436812434542	133.40495796127823	336.4766547824382	708.7294670601574	384.29209365485826	1779.3441261654882	0	0	0	0	0	0	0	0	0.3496806663692455	0.1452193861088741	0.28902573371309376	0.18477043523039918	0.380876174819871	0.20750077503142153	-0.014125315093376502	0.07553845867035398	0	0
253.90603349586874	235.97476923883596	491.63932353239727	-0	-0	-0	0.5098427462784891	1.0600150536289914	2.1678254442030513	4.371962914765456	0.11661643893560762	0.24245746688495318	0.4958471712744036	0	0	0	0	0	0	0	0	0	0	0	0	0	0	0	0.019100888440165456	0.16886368214576208	0	0	0	0.8521159851508434	0	0.05167696216365827	0	0	0	0.9980284990110807	0	1.0263336977553303e-4	0	0	0.9181558801836683	0.7564056938788293	0.991055113919676	0.9997242599305841	0.12631347787460143	0.011436092769146283	0.027105763060901716	0.7912404986111382	0.5948966218651106	0.21632776537536166	0.11620151546812589	0.009074773575997492	0.019022391723593168	1.0558805387337569	1.3035874548754207	0.3212495528055819	-0.08213424455881675	-0.05131077889128887	-0.01611401493984231	-1.1592485890556876	-0.5291980181211504	-0.27259303519280587	-0.09967209763843313	-0.025907449338749645	-0.009318514198923057	-0.7239432758799079	-0.07205918093877514	-0.12323153018338062	4.371962914765456	600	0.901255	1.025378350665954	180	180	0	0	48.925917152076806	20.581826587046905	41.71436812434542	133.40495796127823	336.4766547824382	708.7294670601574	384.29209365485826	1779.3441261654882	0	0	0	0	0	0	0	0	0.3496806663692455	0.1452193861088741	0.28902573371309376	0.18477043523039918	0.380876174819871	0.20750077503142153	-0.014125315093376502	0.07553845867035398	0	0
256.219990681348	238.0621175633496	495.2144360489209	-0	-0	-0	0.5882742849251678	1.2695944422556638	2.2434537191122406	4.371962914765462	0.13455610131970325	0.2903946046678146	0.5131456425523202	0	0	0	0	0	0	0	0	0	0	0	0	0	0	0	0.019368226394138502	0.17158861715691703	0	0	0	0.898873983381953	0	0.07245792977834828	0	0	0	0.9993128442287675	0	1.6631685286311434e-4	0	0	0.9611926155789172	0.8743419755909314	0.996183416305475	0.9999475280754768	0.17937325703956913	0.03947870923122626	0.038804971152619605	1.3227413587157544	0.9568069417942896	0.37108217851742276	0.16831665618218195	0.03899662910510787	0.03525275688129914	1.5652441069619225	1.633220202825725	0.4631133083078124	-0.0283200527393912	-0.02655852160483474	-0.0033202130757189474	-0.6666053988729499	-0.2759820126199475	-0.10670054304205556	-0.06044663232596481	-0.009528822714947927	0.001088101190325097	-0.34648313228926697	0.13024858876014234	-0.04479583222499994	4.371962914765462	600	0.901255	1.025378350665954	180	180	0	0	55.38675189552009	28.073510866557935	48.11148334841727	139.5490651974388	399.9769160819704	836.4128982254834	458.46377749271426	1828.1924327560396	0	0	0	0	0	0	0	0	0.3929126777819687	0.19836523576809742	0.33671945561178895	0.2159389530684817	0.4518013068070569	0.2480173296700567	-0.0037506964167911545	0.10025300863035025	0	0
257.6877175564767	239.4309490636742	497.38461367256184	-0	-0	-0	0.6216631500759184	1.4119437370475083	2.334997242219033	4.371962914765467	0.14219314349084963	0.32295418890195526	0.5340844119086707	0	0	0	0	0	0	0	0	0	0	0	0	0	0	0	0.01953590088958238	0.1733523091566895	0	0	0	0.9138157120786352	0	0.08368178801909502	0	0	0	0.9996715627145527	0	2.937906579718539e-4	0	0	0.9783895680300039	0.9258562789539162	0.9980228062681594	0.9999777957990124	0.20958078327579877	0.0589929258650328	0.04503998388045194	1.6541822457009594	1.1500884152882007	0.43015103389580256	0.1950464404008292	0.05612579537425022	0.04330011725011351	1.824946266994769	1.7803273011729828	0.5381959226567017	-0.00225125040987062	-0.01288991660283112	0.0027725045075206456	-0.39260708020618607	-0.1382509588094476	-0.025862736947367626	-0.040219919648802005	7.975903877095458e-4	0.0059340188598779875	-0.1407143439663212	0.22456899778585537	0.006804502355351794	4.371962914765467	600	0.901255	1.025378350665954	180	180	0	0	58.574526151006054	31.957906613584385	51.36108951649662	142.2891239431564	430.21856123612713	902.9391896559168	514.5903471022505	1852.4789325927275	0	0	0	0	0	0	0	0	0.4117570202988905	0.2245584519646246	0.361823241797144	0.23254414230122228	0.48756202765802215	0.276462032343012	0.0021756300934059666	0.11445464064492744	0	0
259.7203587468655	241.0970852078641	499.958293019248	-0	-0	-0	0.6496137329770018	1.505662050756148	2.4787138390539436	4.37196291476547	0.1485862862155247	0.3443903985715574	0.5669567394276287	0	0	0	0	0	0	0	0	0	0	0	0	0	0	0	0.01976576295217836	0.17547514922626062	0	0	0	0.9261005837951106	0	0.09840906201796917	0	0	0	0.9998176769719104	0	6.138633533129772e-4	0	0	0.9897849689747293	0.9693726248903406	0.9990589921228022	0.999990565677888	0.2415681255844267	0.07446630366512702	0.051896120618414976	1.993784293926895	1.3435438629420986	0.5012641315512639	0.22351727680537598	0.07450557214011111	0.05014401472978891	2.0869991188025105	1.9343266553503684	0.6113601429492591	0.02359259199167074	0.001986321685272796	0.009029882022976943	-0.14927978811816867	0.010998861001086269	0.04900758495070945	-0.019232643184320164	0.011321746288032064	0.010612345243102173	0.04922402301254247	0.336579552427966	0.06448472315995457	4.37196291476547	600	0.901255	1.025378350665954	180	180	0	0	61.70017909623447	36.46699152637142	54.86161237313068	145.3394312728389	462.90943067772184	966.5401185305822	583.1287820494167	1878.275169305185	0	0	0	0	0	0	0	0	0.4324424534334196	0.25466255398336535	0.3871432309209724	0.24767990552803326	0.5200640817142212	0.3159186205534904	0.008201270795847584	0.13003513893503682	0	0
264.06180092641534	245.05377723861724	506.2923032475596	-0	-0	-0	0.7218038128832656	1.62371522866112	2.6592703440944683	4.3719629147654775	0.16509833842494673	0.37139272686356367	0.6082554669238601	0	0	0	0	0	0	0	0	0	0	0	0	0	0	0	0.020247979256761084	0.18041634578605725	0	0	0	0.9476566842246292	0	0.14464749344832648	0	0	0	0.9998893650913236	0	0.001670836906709326	0	0	0.9984641684216243	0.9962703422170065	0.9998742600633689	0.9999992604849411	0.3012307530092574	0.1068440684103926	0.06371214509676042	2.717617552441893	1.660170245373259	0.6070017917893984	0.276705534365337	0.11005882261373943	0.06439537521903513	2.6101268816978545	2.249395581744703	0.7569769990717833	0.07725186536596834	0.027595780003670446	0.022847572259622327	0.3021197367066427	0.2800906534550821	0.18280613037538895	0.012860331873486801	0.03138436265722402	0.019365763179420084	0.44594547473218665	0.5070437586876615	0.17429765558896543	4.3719629147654775	600	0.901255	1.025378350665954	180	180	0	0	67.10589728883932	44.577507697580074	61.594617479538734	151.49795671189182	525.6942399634191	1064.304632596091	684.7957237143822	1928.6062949867453	0	0	0	0	0	0	0	0	0.4677315147152355	0.31046060136249487	0.4316047719948314	0.28120439772612066	0.5748792344594811	0.37271079860384365	0.02079329030218214	0.1600362214847689	0	0
264.06180092641534	245.05377723861724	506.2923032475596	-0	-0	-0	0.7218038128832656	1.62371522866112	2.6592703440944683	4.3719629147654775	0.16509833842494673	0.37139272686356367	0.6082554669238601	0	0	0	0	0	0	0	0	0	0	0	0	0	0	0	0.020247979256761084	0.18041634578605725	0	0	0	0.9476566842246292	0	0.14464749344832648	0	0	0	0.9998893650913236	0	0.001670836906709326	0	0	0.9984641684216243	0.9962703422170065	0.9998742600633689	0.9999992604849411	0.3012307530092574	0.1068440684103926	0.06371214509676042	2.717617552441893	1.660170245373259	0.6070017917893984	0.276705534365337	0.11005882261373943	0.06439537521903513	2.6101268816978545	2.249395581744703	0.7569769990717833	0.07725186536596834	0.027595780003670446	0.022847572259622327	0.3021197367066427	0.2800906534550821	0.18280613037538895	0.012860331873486801	0.03138436265722402	0.019365763179420084	0.44594547473218665	0.5070437586876615	0.17429765558896543	4.3719629147654775	600	0.901255	1.025378350665954	180	180	0	0	67.10589728883932	44.577507697580074	61.594617479538734	151.49795671189182	525.6942399634191	1064.304632596091	684.7957237143822	1928.6062949867453	0	0	0	0	0	0	0	0	0.4677315147152355	0.31046060136249487	0.4316047719948314	0.28120439772612066	0.5748792344594811	0.37271079860384365	0.02079329030218214	0.1600362214847689	0	0
148.84708932826865	287.3286942435262	438.329642799591	-0	-0	-0	0.027527187853522497	0.17168377523722114	0.6492533493182601	1.0156328965139598	0.027103481925414424	0.16904117208737995	0.639259865987743	0	0	0	0	0	0	0	0	0	0	0	0	0	0	0	0.021540137873796363	0.22658091233793298	0	0	0	0.3838218644838973	0	0.017476483540869198	0	0	0	0.9981059804542489	0	1.1530128756543021e-4	0	0	0.9383663026936794	0.7601389677413853	0.9919628541335105	0.9996149981811051	0.42281804133517153	0.015285155986378663	0.15579270681837615	1.9479325109574197	1.1254994444453483	0.30709592231564686	0.1887280721489862	0.0492416263691121	0.12968275751099498	1.2568977340022351	2.431700704500712	0.026439256002273027	-0.4511432025602202	-0.10422704892713276	-0.08104449605367806	-1.8600739456014725	-0.4854481160031716	-0.1368632167575955	-0.21896669132814472	-0.04320930743230343	-0.028463057986417097	-1.1549768316995244	0.21286510641393303	-0.3552888303320127	1.0156328965139598	600	1.0105125000000001	1.0628784970240976	97	180	0	0	8.21885278867659	8.521287796042209	41.78417085220966	73.7381829007457	46.23398669825875	241.20230012774394	114.53951990571521	587.9047089119539	0	0	0	0	0	0	0	0	0.10565951953408528	0.10838589237367738	0.5095463263632634	0.07658720764473566	0.39962585293153075	0.18656002400452304	-0.06575802954906589	0.10664308914354068	0	0
148.84708932826865	287.3286942435262	438.329642799591	-0	-0	-0	0.027527187853522497	0.17168377523722114	0.6492533493182601	1.0156328965139598	0.027103481925414424	0.16904117208737995	0.639259865987743	0	0	0	0	0	0	0	0	0	0	0	0	0	0	0	0.021540137873796363	0.22658091233793298	0	0	0	0.3838218644838973	0	0.017476483540869198	0	0	0	0.9981059804542489	0	1.1530128756543021e-4	0	0	0.9383663026936794	0.7601389677413853	0.9919628541335105	0.9996149981811051	0.42281804133517153	0.015285155986378663	0.15579270681837615	1.9479325109574197	1.1254994444453483	0.30709592231564686	0.1887280721489862	0.0492416263691121	0.12968275751099498	1.2568977340022351	2.431700704500712	0.026439256002273027	-0.4511432025602202	-0.10422704892713276	-0.08104449605367806	-1.8600739456014725	-0.4854481160031716	-0.1368632167575955	-0.21896669132814472	-0.04320930743230343	-0.028463057986417097	-1.1549768316995244	0.21286510641393303	-0.3552888303320127	1.0156328965139598	600	1.0105125000000001	1.0628784970240976	97	180	0	0	8.21885278867659	8.521287796042209	41.78417085220966	73.7381829007457	46.23398669825875	241.20230012774394	114.53951990571521	587.9047089119539	0	0	0	0	0	0	0	0	0.10565951953408528	0.10838589237367738	0.5095463263632634	0.07658720764473566	0.39962585293153075	0.18656002400452304	-0.06575802954906589	0.10664308914354068	0	0
152.1573507978845	289.6276365127981	442.8550793993386	-0	-0	-0	0.07091867696921535	0.20017386693111733	0.6701496131206099	1.0156328965139616	0.06982707749289649	0.19709273657656218	0.6598344888402252	0	0	0	0	0	0	0	0	0	0	0	0	0	0	0	0.02216480690792349	0.22882452219806457	0	0	0	0.7945452446686614	0	0.029751597663041075	0	0	0	0.9991308330548712	0	2.63777093808576e-4	0	0	0.9745587790047832	0.8798896556716018	0.9978094594787852	0.9999178907670937	0.5748684408742224	0.07939783480335211	0.1710394028302088	3.183009880170814	1.6567867385213388	0.46903008219042697	0.2663658040868718	0.10664655996657474	0.15133103613467902	2.4483306427506806	3.0101530601168482	0.13997856821428178	-0.3136107953067382	-0.010328751957484061	-0.051444668329925	-1.1333459237762056	-0.0752369238325572	0.10031354452477403	-0.1291006910610022	0.004163135977465537	-0.011927632175544267	-0.2487264492071617	0.5787534281992011	-0.26095967229457284	1.0156328965139616	600	1.0105125000000001	1.0628784970240976	97	180	0	0	11.811571161370903	13.433636686897396	45.66662269944796	77.35582250138413	99.76784854289258	278.32609541049413	151.9038562403986	600.9004189344839	0	0	0	0	0	0	0	0	0.1488658557069829	0.17222122531846842	0.5731138784687068	0.16414629277677745	0.45649635604021943	0.24968157368470242	-0.021198758630472304	0.14044762128920538	0	0
154.27690736989925	291.26417426026876	445.73490936341824	-0	-0	-0	0.10481037546408188	0.2333904093610536	0.6875846136215996	1.0156328965139625	0.10319710578874595	0.2297980009924234	0.6770011250931813	0	0	0	0	0	0	0	0	0	0	0	0	0	0	0	0.0225556987106193	0.2304083593742062	0	0	0	0.9453379978823652	0	0.05368618977003892	0	0	0	0.9994692336260269	0	4.8108340176058345e-4	0	0	0.9879772386119767	0.9249582620325367	0.9989708558667432	0.9999661120096162	0.6366734809026016	0.12026208678853312	0.18040083949249397	3.776638040355729	1.9668971920026566	0.5469231674240596	0.3217545392282475	0.13341814936305396	0.16304535230755102	2.92973797559098	3.268571725819341	0.2343033442312068	-0.23256249824269926	0.03415901578927816	-0.03574423048523978	-0.7251215856951148	0.2277393963297727	0.20409849799393065	-0.07123107362029057	0.028952367258477718	-0.0020860400392446188	0.13153088239431732	0.7405459974437516	-0.20397120308018613	1.0156328965139625	600	1.0105125000000001	1.0628784970240976	97	180	0	0	13.998539094447306	16.890811034215368	48.13541220826477	79.39644698842756	134.3620000806869	310.04974710966195	171.44383983271462	607.5887134851572	0	0	0	0	0	0	0	0	0.17737083759691213	0.2133286632187322	0.606073170819424	0.2231210595199334	0.5134838387115519	0.2832429415908895	0.0028020274932886897	0.15853959386505959	0	0
156.19740740773204	292.9020637226003	448.3780878418927	-0	-0	-0	0.1204444766460342	0.2661280719232544	0.7047358770475194	1.0156328965139636	0.11859056265255434	0.2620317565891247	0.6938883916289443	0	0	0	0	0	0	0	0	0	0	0	0	0	0	0	0.022904120077174343	0.23198267810782908	0	0	0	0.9689696822871003	0	0.20195138139491794	0	0	0	0.999708724761296	0	7.922377537397242e-4	0	0	0.9954350668557486	0.964881295273357	0.9995406455754083	0.9999881671003324	0.7056879470220936	0.1610648190030759	0.18876214436576882	4.455300654476605	2.2544598847725417	0.614993962714071	0.40326299375926633	0.16094659203087208	0.1731985537466202	3.358446693501102	3.530202047316431	0.3353851420853714	-0.1425434563209519	0.08532292091765226	-0.019931045344756426	-0.2903763664757977	0.5480981993171814	0.2873960039094572	0.01623949683237924	0.053714834351680785	0.006418634487209585	0.4424027794240655	0.9432179879303386	-0.14653465068784022	1.0156328965139636	600	1.0105125000000001	1.0628784970240976	97	180	0	0	15.98687959402897	21.0636616656984	50.40440017736864	81.4588232430298	155.781241993213	343.93576779841436	186.84406594233477	614.1142435681252	0	0	0	0	0	0	0	0	0.20143278733949666	0.26212026622178786	0.6419266733721014	0.2562230595056052	0.565784155600056	0.30771877672895287	0.031969049249623155	0.17679646269911464	0	0
160.9085564569151	297.0042798211628	454.9554842177363	-0	-0	-0	0.13627999154065276	0.3133693770683642	0.7199298910994526	1.0156328965139654	0.13418233301463334	0.30854591077540516	0.7088485353029876	0	0	0	0	0	0	0	0	0	0	0	0	0	0	0	0.02373717668720302	0.23587956670273227	0	0	0	0.9818811463987496	0	0.6140928212571347	0	0	0	0.9998751581961632	0	0.001524869342137133	0	0	0.9995337744089028	0.9970192040425446	0.9999573728192588	0.9999991988854338	0.9992557278804255	0.22633361595416218	0.2052499525544788	6.117753324725727	2.787598696727077	0.7260576948730367	0.6918701370355692	0.21673667391670523	0.19383004819573135	4.001347869733776	4.104685137845894	0.522998035149515	0.04366312979328251	0.18176893384160708	0.010296639731102748	0.7246627390917293	1.1987226135949867	0.41950933217952396	0.20493012672520342	0.10657360786342815	0.02339811465080573	1.0346750167973808	1.2977743043579364	-0.04920883820030231	1.0156328965139654	600	1.0105125000000001	1.0628784970240976	97	180	0	0	19.77604616393117	28.285281694840535	55.007877284760006	85.23971198491144	181.99041252481496	401.9282351996938	209.3046067914959	627.6538112120479	0	0	0	0	0	0	0	0	0.2464073113843357	0.3396433385199226	0.6991262093693448	0.298737362119428	0.6619060720184575	0.3439588695730624	0.0872581553866818	0.21184782876278363	0	0
160.9085564569151	297.0042798211628	454.9554842177363	-0	-0	-0	0.13627999154065276	0.3133693770683642	0.7199298910994526	1.0156328965139654	0.13418233301463334	0.30854591077540516	0.7088485353029876	0	0	0	0	0	0	0	0	0	0	0	0	0	0	0	0.02373717668720302	0.23587956670273227	0	0	0	0.9818811463987496	0	0.6140928212571347	0	0	0	0.9998751581961632	0	0.001524869342137133	0	0	0.9995337744089028	0.9970192040425446	0.9999573728192588	0.9999991988854338	0.9992557278804255	0.22633361595416218	0.2052499525544788	6.117753324725727	2.787598696727077	0.7260576948730367	0.6918701370355692	0.21673667391670523	0.19383004819573135	4.001347869733776	4.104685137845894	0.522998035149515	0.04366312979328251	0.18176893384160708	0.010296639731102748	0.7246627390917293	1.1987226135949867	0.41950933217952396	0.20493012672520342	0.10657360786342815	0.02339811465080573	1.0346750167973808	1.2977743043579364	-0.04920883820030231	1.0156328965139654	600	1.0105125000000001	1.0628784970240976	97	180	0	0	19.77604616393117	28.285281694840535	55.007877284760006	85.23971198491144	181.99041252481496	401.9282351996938	209.3046067914959	627.6538112120479	0	0	0	0	0	0	0	0	0.2464073113843357	0.3396433385199226	0.6991262093693448	0.298737362119428	0.6619060720184575	0.3439588695730624	0.0872581553866818	0.21184782876278363	0	0
176.6563977046651	243.09957259791926	427.592948670195	-0	-0	-0	0.10189560418946488	0.999232178036796	1.8255767684267077	3.471795723672194	0.02934953905689113	0.28781421995067286	0.5258306979235947	0	0	0	0	0	0	0	0	0	0	0	0	0	0	0	0.02661783850996669	0.17968061005388877	0	0	0	0.13844742187116527	0	0.2537900777098398	0	0	0	0.9991400774474154	0	1.1934898312055286e-4	0	0	0.8440371118198371	0.7880786634722686	0.6463714909080676	0.9998661307969468	0.34022745813726457	0.35857510803944115	0.0030160653276688656	2.3127054198769477	1.9433035731300274	0.6928202099408323	0.018043739567772124	0.07858465584642106	0.005633880238070083	0.33137854039013453	2.847394967016061	0.8357377368228132	-0.17397293197742217	-0.2861427657819232	-0.11435912148787133	-1.3835859403513004	-0.6293940582893207	-0.3294108873099703	-0.47150927694989986	-0.17052580729799582	-0.016346500110550975	-2.778473578817046	0.17821437484738617	-0.24345056036992282	3.471795723672194	600	1.4909388888888888	1.0442716500315599	96	179	0	0	25.804635698824644	77.1968318704858	-41.33594093128584	201.61030200167139	195.90443811574852	1393.2961526087893	877.5798947406807	3379.0822567651553	0	0	0	0	0	0	0	0	0.11660487267610029	0.35049563011126744	-0.19119991434563127	0.05718722009130727	0.40301971542244147	0.2514600232530493	0.01591886864310843	0.07325894251050871	0	0
176.6563977046651	243.09957259791926	427.592948670195	-0	-0	-0	0.10189560418946488	0.999232178036796	1.8255767684267077	3.471795723672194	0.02934953905689113	0.28781421995067286	0.5258306979235947	0	0	0	0	0	0	0	0	0	0	0	0	0	0	0	0.02661783850996669	0.17968061005388877	0	0	0	0.13844742187116527	0	0.2537900777098398	0	0	0	0.9991400774474154	0	1.1934898312055286e-4	0	0	0.8440371118198371	0.7880786634722686	0.6463714909080676	0.9998661307969468	0.34022745813726457	0.35857510803944115	0.0030160653276688656	2.3127054198769477	1.9433035731300274	0.6928202099408323	0.018043739567772124	0.07858465584642106	0.005633880238070083	0.33137854039013453	2.847394967016061	0.8357377368228132	-0.17397293197742217	-0.2861427657819232	-0.11435912148787133	-1.3835859403513004	-0.6293940582893207	-0.3294108873099703	-0.47150927694989986	-0.17052580729799582	-0.016346500110550975	-2.778473578817046	0.17821437484738617	-0.24345056036992282	3.471795723672194	600	1.4909388888888888	1.0442716500315599	96	179	0	0	25.804635698824644	77.1968318704858	-41.33594093128584	201.61030200167139	195.90443811574852	1393.2961526087893	877.5798947406807	3379.0822567651553	0	0	0	0	0	0	0	0	0.11660487267610029	0.35049563011126744	-0.19119991434563127	0.05718722009130727	0.40301971542244147	0.2514600232530493	0.01591886864310843	0.07325894251050871	0	0
180.92840197956002	247.69518486608126	431.55678009158106	-0	-0	-0	0.20825514762341152	1.10962868541364	1.947563536629873	3.4717957236721997	0.05998485054965587	0.3196123198861365	0.5609672030386306	0	0	0	0	0	0	0	0	0	0	0	0	0	0	0	0.027278368035156958	0.18530792358560172	0	0	0	0.25323060509450646	0	0.5343803566311861	0	0	0	0.9995404598046957	0	2.2719387109072038e-4	0	0	0.891816684861316	0.8902585366190092	0.7889947101198705	0.9999615373901541	0.5819205989340546	0.4316875334675419	0.020917497681126718	3.9173124410491997	2.3037803002679658	1.0857956007982228	0.143908933576542	0.12361945958406889	0.022573520740165165	1.6795994433494181	3.2107985909613124	1.1529621449461767	0.03870358409461594	-0.19695257459138804	-0.050801618351652644	-0.0952663800971072	-0.2516544757420436	-0.06841616369069703	-0.2829666440108678	-0.13469406011647855	0.006044140533125297	-1.6521500675909877	0.41711577990304893	-0.09460790538117858	3.4717957236721997	600	1.4909388888888888	1.0442716500315599	96	179	0	0	57.79032653820245	98.19441574739193	5.042650350449147	213.2055458980515	420.645069904901	1540.398947571488	1108.1944812744168	3425.332414524846	0	0	0	0	0	0	0	0	0.25679781136237567	0.45131405315642315	0.025162035412539873	0.12171355492183754	0.44686238412512314	0.3228299099559631	0.06877571877297585	0.12006921025034721	0	0
183.5813637886256	250.11543473841465	433.8546533037392	-0	-0	-0	0.29281866173554477	1.1616974010724626	2.0165354623850096	3.4717957236722032	0.08434213445767583	0.33460995217878353	0.5808335578719106	0	0	0	0	0	0	0	0	0	0	0	0	0	0	0	0.0276806314170401	0.18820388538561938	0	0	0	0.32478548858583256	0	0.6058157331623362	0	0	0	0.9996730701926153	0	3.090757824366579e-4	0	0	0.9180541045362816	0.9381585570065303	0.8444159146960314	0.9999820108034916	0.7115296427731371	0.46925459212746434	0.04464898381841198	4.963461028795041	2.526889544553872	1.2837059837324973	0.24448916881528127	0.14455554435298723	0.03789646846152439	2.525701134616242	3.419348282678336	1.3077676010131478	0.18959187509285358	-0.14852638768251203	-0.027016045300457314	0.598721011439519	-0.09252584231596561	0.02406305614017068	-0.18459129375384586	-0.11244834454039698	0.02029353028531422	-1.0687322904844079	0.5420936157835254	-0.014691920858860286	3.4717957236722032	600	1.4909388888888888	1.0442716500315599	96	179	0	0	84.1503960095261	109.43674608390802	23.513094570477854	221.08839491391984	582.620983378584	1626.0990349762837	1220.06267454415	3446.863346888914	0	0	0	0	0	0	0	0	0.38086781976359196	0.49657942401513944	0.10782751503491522	0.16862803759510864	0.4718580094046759	0.3532466608711825	0.10085074953937503	0.14939645154953035	0	0
186.36790304474977	252.79235982569713	436.4669000221489	-0	-0	-0	0.3789323001471541	1.2121935968075035	2.0756534200219807	3.471795723672206	0.10914590900709684	0.3491546430978769	0.5978616212553292	0	0	0	0	0	0	0	0	0	0	0	0	0	0	0	0.028096948882054072	0.19135593315029353	0	0	0	0.42058217499950107	0	0.6828807770280503	0	0	0	0.9997644606749925	0	4.1076959341997354e-4	0	0	0.9471983167794483	0.975493520860695	0.9097362186284653	0.9999926884464156	0.8347264344638301	0.5050680442127009	0.07022582309219544	6.105682595872495	2.7681284588630457	1.4328364377475062	0.38575844983565544	0.16816394867937728	0.05408434071429974	3.599355675249221	3.621975063112395	1.4270255886407601	0.28666845768388804	-0.10483173570305104	-0.00601518803730583	1.3377003704834411	0.09579306351061523	0.11058915640972677	-0.08935163857507644	-0.08644946322150371	0.033373864982289225	-0.47377486280195935	0.6782774190264049	0.06830621984571428	3.471795723672206	600	1.4909388888888888	1.0442716500315599	96	179	0	0	110.68388324006801	121.91459276101625	46.59192363695483	228.02064819901875	771.1723947408441	1692.8000155217003	1358.4218929641788	3468.375927081505	0	0	0	0	0	0	0	0	0.5026964225697849	0.5501914048923863	0.20933557093524885	0.22418663079853557	0.49123957319318357	0.3938227862605265	0.13500865159759237	0.17504218160525653	0	0
192.36873064444592	258.4437369935594	441.9257560020345	-0	-0	-0	0.5426880374531426	1.296793022432241	2.202191721043765	3.4717957236722126	0.15631335500325133	0.3735222707920711	0.6343091288546359	0	0	0	0	0	0	0	0	0	0	0	0	0	0	0	0.02897318473663863	0.1978455172486791	0	0	0	0.7418049885071709	0	0.8140550685779867	0	0	0	0.9998720701129823	0	7.897215411934072e-4	0	0	0.9965771582764272	0.9974351354481314	0.9974238260126739	0.9999995035479646	1.178875978535935	0.5731606882690595	0.10865279407854816	8.317728753545081	3.1833676201024543	1.6251892155257985	0.8185957933651627	0.21206316955574264	0.0833145345145217	5.960397921258399	4.054967111602688	1.6983728908572322	0.48278674870016697	-0.02994019287799566	0.0315322744690221	2.5302441179940636	0.43766186546414226	0.2871664772195805	0.11247893425004929	-0.04454923979268703	0.06368908167532618	0.6655447884956789	1.0582253806686515	0.31058858758675345	3.4717957236722126	600	1.4909388888888888	1.0442716500315599	96	179	0	0	157.42461949005283	145.3346343288464	81.56927154935191	242.672294973932	1159.2654129799923	1811.6944381587646	1568.545547382888	3512.271045856776	0	0	0	0	0	0	0	0	0.7158526408841139	0.6435836587092234	0.3609559217951253	0.3323919422907477	0.5252278206672862	0.45801327034767986	0.20207053649948803	0.23227185419411137	0	0
192.36873064444592	258.4437369935594	441.9257560020345	-0	-0	-0	0.5426880374531426	1.296793022432241	2.202191721043765	3.4717957236722126	0.15631335500325133	0.3735222707920711	0.6343091288546359	0	0	0	0	0	0	0	0	0	0	0	0	0	0	0	0.02897318473663863	0.1978455172486791	0	0	0	0.7418049885071709	0	0.8140550685779867	0	0	0	0.9998720701129823	0	7.897215411934072e-4	0	0	0.9965771582764272	0.9974351354481314	0.9974238260126739	0.9999995035479646	1.178875978535935	0.5731606882690595	0.10865279407854816	8.317728753545081	3.1833676201024543	1.6251892155257985	0.8185957933651627	0.21206316955574264	0.0833145345145217	5.960397921258399	4.054967111602688	1.6983728908572322	0.48278674870016697	-0.02994019287799566	0.0315322744690221	2.5302441179940636	0.43766186546414226	0.2871664772195805	0.11247893425004929	-0.04454923979268703	0.06368908167532618	0.6655447884956789	1.0582253806686515	0.31058858758675345	3.4717957236722126	600	1.4909388888888888	1.0442716500315599	96	179	0	0	157.42461949005283	145.3346343288464	81.56927154935191	242.672294973932	1159.2654129799923	1811.6944381587646	1568.545547382888	3512.271045856776	0	0	0	0	0	0	0	0	0.7158526408841139	0.6435836587092234	0.3609559217951253	0.3323919422907477	0.5252278206672862	0.45801327034767986	0.20207053649948803	0.23227185419411137	0	0
290.7271810196884	257.91155514480954	553.2978030067192	-0	-0	-0	0.489336598900343	0.9937254799864224	2.525952050363796	4.73230628764372	0.10340340822360196	0.20998756622771558	0.5337676593248348	0	0	0	0	0	0	0	0	0	0	0	0	0	0	0	0.022988986144579844	0.1956134589369422	0	0	0	0.9244481414828076	0	0.02187635931408168	0	0	0	0.9972711030257938	0	1.2330901280781435e-4	0	0	0.8351691097935213	0.6978444286491879	0.9893804189446944	0.9992685930792788	0.208214698765562	0.187801148404147	0.09067991912759897	1.3631097947315816	2.527421999328133	1.033272431913249	0.23682630682824504	0.07173208167928957	0.07926617542380009	1.5049260142726422	3.467381648127171	1.3535734194029163	-0.20427743915754054	-0.13444274964767247	-0.03717276770224789	-1.3698415018571144	-1.064611347520838	-0.3474293293224614	-0.07553652623505973	-0.054933633565647934	0.0023869681743224347	-0.8269560960360736	-0.4736421248498484	-0.09989656179308241	4.73230628764372	1000	1.7699297222222223	1.0645090448986079	180	180	0	0	70.33632388235537	63.568067015357315	116.05162669961862	306.5784806695999	490.66000613386046	1586.6519730892703	1659.1797681829423	4502.019194451171	0	0	0	0	0	0	0	0	0.2251169909823628	0.20235065116751721	0.3653066155146495	0.10785767600211596	0.3464333053354307	0.3595039836186553	-0.016562099742345855	0.1367735652640541	0	0
290.7271810196884	257.91155514480954	553.2978030067192	-0	-0	-0	0.489336598900343	0.9937254799864224	2.525952050363796	4.73230628764372	0.10340340822360196	0.20998756622771558	0.5337676593248348	0	0	0	0	0	0	0	0	0	0	0	0	0	0	0	0.022988986144579844	0.1956134589369422	0	0	0	0.9244481414828076	0	0.02187635931408168	0	0	0	0.9972711030257938	0	1.2330901280781435e-4	0	0	0.8351691097935213	0.6978444286491879	0.9893804189446944	0.9992685930792788	0.208214698765562	0.187801148404147	0.09067991912759897	1.3631097947315816	2.527421999328133	1.033272431913249	0.23682630682824504	0.07173208167928957	0.07926617542380009	1.5049260142726422	3.467381648127171	1.3535734194029163	-0.20427743915754054	-0.13444274964767247	-0.03717276770224789	-1.3698415018571144	-1.064611347520838	-0.3474293293224614	-0.07553652623505973	-0.054933633565647934	0.0023869681743224347	-0.8269560960360736	-0.4736421248498484	-0.09989656179308241	4.73230628764372	1000	1.7699297222222223	1.0645090448986079	180	180	0	0	70.33632388235537	63.568067015357315	116.05162669961862	306.5784806695999	490.66000613386046	1586.6519730892703	1659.1797681829423	4502.019194451171	0	0	0	0	0	0	0	0	0.2251169909823628	0.20235065116751721	0.3653066155146495	0.10785767600211596	0.3464333053354307	0.3595039836186553	-0.016562099742345855	0.1367735652640541	0	0
293.52369277508103	262.36972306716507	557.6893761264141	-0	-0	-0	0.5546764206984581	1.1568332180580663	2.817206289858337	4.732306287643727	0.11721059183061411	0.24445442618086907	0.5953135994629495	0	0	0	0	0	0	0	0	0	0	0	0	0	0	0	0.023257739034486295	0.20061414145481546	0	0	0	0.9513423148027351	0	0.03085117233424396	0	0	0	0.9990360233838056	0	2.7177580519373583e-4	0	0	0.9410754429714712	0.7997850538251537	0.9975613898656633	0.9998083451804552	0.2951453281384576	0.23109176180369412	0.11502939984359095	2.134586469348528	2.9776744412456018	1.1796815290954947	0.3204819089036046	0.1102930924676771	0.10620965853069764	2.220507807037034	3.886642408082583	1.6741904634339049	-0.13917229709986945	-0.10005366619194744	-0.022602302467599866	-0.7383384005527249	-0.7249711559477361	-0.1583344386487726	-0.03099655048271055	-0.030883034235766993	0.014373924443948916	-0.35700172322452906	-0.198339432483003	0.04109646009731649	4.732306287643727	1000	1.7699297222222223	1.0645090448986079	180	180	0	0	78.208287363501	76.0242107788183	146.43508830587973	312.6564441996681	581.1274677957116	1808.6391934816966	1938.3866747232564	4561.92642568153	0	0	0	0	0	0	0	0	0.24703309385086644	0.24023300760486627	0.462119305290325	0.12723111682647198	0.3934794514157649	0.42143977937014954	-6.541103395258812e-4	0.19205964330607705	0	0
295.1855887991343	264.6598295237478	560.0823529955703	-0	-0	-0	0.5935672945086579	1.2538511325970267	2.884620194198165	4.732306287643731	0.1254287568111324	0.26495561706791704	0.609559064621417	0	0	0	0	0	0	0	0	0	0	0	0	0	0	0	0.023415990898444115	0.20313507534743214	0	0	0	0.9607892524032343	0	0.03744692078687154	0	0	0	0.999538259550729	0	3.9814284816263614e-4	0	0	0.9674004608495477	0.8655518152009245	0.9987168818203982	0.9999426838626617	0.33890374330324147	0.25334830129916774	0.12374420622559446	2.4813611620066784	3.187143515603079	1.2528078267673035	0.37280910801473865	0.13227400352350638	0.11646938826186404	2.6070058895993924	4.102557599685658	1.79841179029681	-0.10100004570747467	-0.08291387678029571	-0.015419737038838477	-0.4200717715983835	-0.5298589434996108	-0.045810975372120755	-0.005004718829992427	-0.014993738120705258	0.01941504370194158	-0.12437429337222516	-0.07112078864590154	0.09598803046794524	4.732306287643731	1000	1.7699297222222223	1.0645090448986079	180	180	0	0	82.24337385568202	82.17008491698667	152.48045436909382	316.1935830468393	635.9676911020432	1930.9674469835963	2029.7244840547119	4593.62072066809	0	0	0	0	0	0	0	0	0.2597719021999024	0.25947619191975124	0.48106008245396487	0.13826988808504892	0.4201898901948049	0.44218122043969543	0.010068970559318238	0.2183764632705326	0	0
297.38470184836467	266.63792755195277	562.5261319512347	-0	-0	-0	0.6307103856150742	1.3302270509791936	2.963224757726472	4.732306287643736	0.13327759178688148	0.28109487639303465	0.6261692666562146	0	0	0	0	0	0	0	0	0	0	0	0	0	0	0	0.02362376907631103	0.205287636092372	0	0	0	0.9682275838412955	0	0.04638449284713965	0	0	0	0.9997035673951886	0	7.651746589144222e-4	0	0	0.9838425583300042	0.9320502090648934	0.9994070072732563	0.9999790178338344	0.37861352786167046	0.2755134064221423	0.13134710671975414	2.858492628472637	3.407985111936516	1.3189090142189737	0.43079819818795095	0.1542152398202325	0.12486706892056465	2.957684864238867	4.337474756232693	1.9050131843303206	-0.05949792675287402	-0.06340762739000994	-0.0075726940742602	-0.1227371833983828	-0.3552257013261715	0.06711511850131413	0.022354609198380282	-8.469460145776875e-4	0.024959410327325293	0.10100031061724879	0.06255266240464752	0.16710245556242165	4.732306287643736	1000	1.7699297222222223	1.0645090448986079	180	180	0	0	87.28965894824756	88.34571832981804	157.34746039343185	319.5789439541545	693.5826946390061	2033.8930652926604	2130.957403704412	4624.330252365482	0	0	0	0	0	0	0	0	0.27498548507271064	0.27938695654979906	0.49859809753443146	0.1505719273329873	0.44211563200704485	0.46333870721599923	0.021064259510972717	0.24238106078265995	0	0
302.91451814786205	271.41489970830486	568.1164046230335	-0	-0	-0	0.8483175064667569	1.4832091906163154	3.1020679212515376	4.732306287643743	0.17926090470554548	0.3134220611394154	0.6555086954855761	0	0	0	0	0	0	0	0	0	0	0	0	0	0	0	0.024138339351657673	0.21039513213208424	0	0	0	0.9770390320894538	0	0.06754491073055661	0	0	0	0.9998586251265348	0	0.002072978453467787	0	0	0.997798908335031	0.9935497384091398	0.9999096969161604	0.999998628625084	0.45424464649428026	0.32180703403532357	0.14623527967712902	3.593039071044124	3.80905727596517	1.4453063010541896	0.5509225756552723	0.2012569428756969	0.13960835959397078	3.6180087914740686	4.852684827704339	2.093475675998511	0.0185711974314064	-0.027698815316530883	0.01426866818849787	0.47052758027469244	-0.016028648855891815	0.2740477397654027	0.0806226721885828	0.028144469095277486	0.03557592389748314	0.5024023602528074	0.3082783424526667	0.30478390447674747	4.732306287643743	1000	1.7699297222222223	1.0645090448986079	180	180	0	0	105.43245568278745	101.33662356258411	167.71076598722794	326.1569841298261	888.3538022816687	2228.4105274513486	2322.2003713253107	4680.9438810608235	0	0	0	0	0	0	0	0	0.3349025038125914	0.31902129067663243	0.5310430117897739	0.19255904596755716	0.48493326133220144	0.5062824491943259	0.048782035464462234	0.2863707388443625	0	0
302.91451814786205	271.41489970830486	568.1164046230335	-0	-0	-0	0.8483175064667569	1.4832091906163154	3.1020679212515376	4.732306287643743	0.17926090470554548	0.3134220611394154	0.6555086954855761	0	0	0	0	0	0	0	0	0	0	0	0	0	0	0	0.024138339351657673	0.21039513213208424	0	0	0	0.9770390320894538	0	0.06754491073055661	0	0	0	0.9998586251265348	0	0.002072978453467787	0	0	0.997798908335031	0.9935497384091398	0.9999096969161604	0.999998628625084	0.45424464649428026	0.32180703403532357	0.14623527967712902	3.593039071044124	3.80905727596517	1.4453063010541896	0.5509225756552723	0.2012569428756969	0.13960835959397078	3.6180087914740686	4.852684827704339	2.093475675998511	0.0185711974314064	-0.027698815316530883	0.01426866818849787	0.47052758027469244	-0.016028648855891815	0.2740477397654027	0.0806226721885828	0.028144469095277486	0.03557592389748314	0.5024023602528074	0.3082783424526667	0.30478390447674747	4.732306287643743	1000	1.7699297222222223	1.0645090448986079	180	180	0	0	105.43245568278745	101.33662356258411	167.71076598722794	326.1569841298261	888.3538022816687	2228.4105274513486	2322.2003713253107	4680.9438810608235	0	0	0	0	0	0	0	0	0.3349025038125914	0.31902129067663243	0.5310430117897739	0.19255904596755716	0.48493326133220144	0.5062824491943259	0.048782035464462234	0.2863707388443625	0	0
370.5562930661543	681.8024011039831	1055.6787795350413	-0	-0	-0	0.18774383807937484	0.9650590703564911	0.23536794411815923	1.628638768023357	0.1152765375389137	0.5925556294645755	0.14451820056071746	0	0	0	0	0	0	0	0	0	0	0	0	0	0	0	0.029720187373748857	0.476088812443445	0	0	0	0.5152212078898449	0	0.1588630471403784	0	0	0	0.9991668614292764	0	3.602916300930602e-4	0	0	0.9513848927926851	0.6141646847577638	0.971059483924995	0.9996868455134139	0.009774665971518137	0.09766690576802592	0.09007247329729715	0.04345097575790822	2.195084921292767	0.4586267384564374	0.007447265512363649	0.023748399710332515	0.05225446792999812	0.015380788294720771	2.1430517817085843	0.008182992378173815	0.04149081892091036	-0.029049494047467615	-0.03770804800670948	-0.42891216700297063	0.10485196803588903	-3.216865847191899	-0.07147698072365433	-0.024276124848321857	-9.071980902262577e-4	-2.2064215002666465	0.03475296165575695	-0.6535603013266352	1.628638768023357	600	1.2241297222222223	1.0312230168252146	180	180	0	0	28.741042468680682	35.54619977476707	9.344049580068614	83.93993280338317	116.26586245323848	1306.1797958784075	4.689596953893995	1686.2824061594781	0	0	0	0	0	0	0	0	0.3309756846099468	0.3961746154577777	0.10156176953516648	0.06593851145843845	0.6862403553662263	0.0026812609996259844	-0.02990942277423944	0.17744204162304408	0	0
370.5562930661543	681.8024011039831	1055.6787795350413	-0	-0	-0	0.18774383807937484	0.9650590703564911	0.23536794411815923	1.628638768023357	0.1152765375389137	0.5925556294645755	0.14451820056071746	0	0	0	0	0	0	0	0	0	0	0	0	0	0	0	0.029720187373748857	0.476088812443445	0	0	0	0.5152212078898449	0	0.1588630471403784	0	0	0	0.9991668614292764	0	3.602916300930602e-4	0	0	0.9513848927926851	0.6141646847577638	0.971059483924995	0.9996868455134139	0.009774665971518137	0.09766690576802592	0.09007247329729715	0.04345097575790822	2.195084921292767	0.4586267384564374	0.007447265512363649	0.023748399710332515	0.05225446792999812	0.015380788294720771	2.1430517817085843	0.008182992378173815	0.04149081892091036	-0.029049494047467615	-0.03770804800670948	-0.42891216700297063	0.10485196803588903	-3.216865847191899	-0.07147698072365433	-0.024276124848321857	-9.071980902262577e-4	-2.2064215002666465	0.03475296165575695	-0.6535603013266352	1.628638768023357	600	1.2241297222222223	1.0312230168252146	180	180	0	0	28.741042468680682	35.54619977476707	9.344049580068614	83.93993280338317	116.26586245323848	1306.1797958784075	4.689596953893995	1686.2824061594781	0	0	0	0	0	0	0	0	0.3309756846099468	0.3961746154577777	0.10156176953516648	0.06593851145843845	0.6862403553662263	0.0026812609996259844	-0.02990942277423944	0.17744204162304408	0	0
372.9271353737428	685.3797103504073	1059.721651295024	-0	-0	-0	0.23053860558618391	1.0889317245641792	0.24797007072786875	1.6286387680233605	0.14155293986154024	0.668614640609217	0.15225602852916437	0	0	0	0	0	0	0	0	0	0	0	0	0	0	0	0.029896933196102263	0.4777556619746585	0	0	0	0.6016256085182183	0	0.30040083352335695	0	0	0	0.9993884926307693	0	4.423875115954417e-4	0	0	0.9745323681098911	0.8141486401491005	0.9858558642579612	0.99988892522057915	0.0704180785796043	0.11693668124353285	0.10747486478765228	0.3274888207809601	2.4372457050009055	0.65354231583289	0.05971291322831862	0.04113995538334536	0.06737898857924823	0.1896327063618829	2.459300609508018	0.06526778340095196	0.1604264329396652	-0.014844077036917702	-0.023351331199319425	0.9610601282489919	0.3664533036474509	-2.134819620637015	-0.009377066154386049	-0.013213007063264892	0.009775789718168615	-1.5150513606696336	0.20416982081893797	-0.010507725014661462	1.6286387680233605	600	1.2241297222222223	1.0312230168252146	180	180	0	0	33.04272898825424	41.52475105262801	10.17288733345613	87.46856424198592	181.11870915576657	1500.0333946306155	7.705171657313555	1751.2610381638576	0	0	0	0	0	0	0	0	0.37218051315741285	0.46613071394675554	0.1126230665292547	0.10231941750766317	0.8453732540297294	0.0043284670356135485	-0.015050237662638475	0.19304091837910664	0	0
374.69299308049654	687.4770295659637	1062.4023532204292	-0	-0	-0	0.2556932934469961	1.1181238890177876	0.25473255286297775	1.628638768023362	0.15699816218750884	0.6865389127233092	0.15640825815054132	0	0	0	0	0	0	0	0	0	0	0	0	0	0	0	0.030027901541889314	0.47873021046247466	0	0	0	0.6503772161273541	0	0.34417095332732334	0	0	0	0.9994485396513115	0	4.8608279117522547e-4	0	0	0.9845379369153388	0.8922025020540412	0.9918269993992788	0.999943556894958	0.14288003715467912	0.1255541400159016	0.11699272989181408	0.7099978279287329	2.5525731906539875	0.7713426929176361	0.11022931779846512	0.048028609474238815	0.07610676471735178	0.46417568868158776	2.597561083616679	0.14076953620650134	0.2229187668356023	-0.006787213204756615	-0.015629330173597245	1.4454588992984179	0.5090519339765391	-1.6373224178304895	0.02583999778239998	-0.007735650286799345	0.015698798935247282	-1.1154091824797576	0.28602680410824544	0.3068596744677454	1.628638768023362	600	1.2241297222222223	1.0312230168252146	180	180	0	0	35.219733033648	43.811724117803045	10.62402087683608	89.66152732529622	224.6634346553859	1545.8080551908597	12.528480861948925	1790.336155607012	0	0	0	0	0	0	0	0	0.3939137193446989	0.48732231572471957	0.11825846737289909	0.12456523368018156	0.868764708648511	0.006940437493641308	-0.005796376904894995	0.20258229327117588	0	0
376.4772915418174	689.8453169348121	1065.1538310138758	-0	-0	-0	0.2856765571433862	1.1451195591847707	0.2598392655513744	1.6286387680233638	0.17540817690966848	0.703114516041254	0.1595438292720583	0	0	0	0	0	0	0	0	0	0	0	0	0	0	0	0.030159659913777247	0.4798282886153991	0	0	0	0.6929509782289202	0	0.39074579233154677	0	0	0	0.9995047293462747	0	5.235344020266624e-4	0	0	0.9921731253091147	0.9512054335675284	0.9962690075318057	0.9999744133632446	0.22395280396064743	0.13508403132388952	0.12645383474489857	1.433599512381544	2.6644574780888854	0.873653072764732	0.16765106806227187	0.05528237546825554	0.08479630961807566	0.9464091547141071	2.7474556726110437	0.2626624891343764	0.2835898484685271	8.545414997142009e-4	-0.008579754616562574	1.837052764525112	0.646049011823659	-1.1929855715273832	0.05895216170949924	-0.002102251943117084	0.02209628380110107	-0.692400056106182	0.3642978633662972	0.6148015186057014	1.6286387680233638	600	1.2241297222222223	1.0312230168252146	180	180	0	0	38.12112317919134	45.8561399868329	11.066942123356162	91.64966671818253	264.05341003999746	1594.754654238215	16.07072817677972	1824.8106606835727	0	0	0	0	0	0	0	0	0.4173040426271084	0.5101714889883227	0.12443869545553093	0.14681915466592643	0.8915678151110572	0.008948565377146368	0.00224116388328528	0.21237789342241561	0	0
380.9263066260825	694.0765308756984	1070.5143196264887	-0	-0	-0	0.4127436019740274	1.1865901332024003	0.26728115596108504	1.6286387680233672	0.2534285748797233	0.7285778507179554	0.16411322216373225	0	0	0	0	0	0	0	0	0	0	0	0	0	0	0	0.03048570916230139	0.48178389981350506	0	0	0	0.8392448555631177	0	0.4755072110030753	0	0	0	0.9996104558582496	0	5.986541828231787e-4	0	0	0.9994710758642137	0.9970040163942855	0.9997321199094182	0.9999985247194846	0.39930636443846984	0.15309984251353273	0.14308976408469098	6.4646762584063735	2.875426187282187	1.1166969267187836	0.29548833271674	0.06752369744682114	0.1032930886067734	2.398986611912081	3.018274141065397	0.5443008597370291	0.3830063872550602	0.017999242140000437	0.006135601127371774	2.53491617698315	0.9074153601642743	-0.6391732979096442	0.11741830080780509	0.009543390470806075	0.032745938735636804	0.012471629550545274	0.5299655132878776	1.228651274975023	1.6286387680233672	600	1.2241297222222223	1.0312230168252146	180	180	0	0	43.60847821367244	49.22270594373138	11.807501058617465	96.10601994081114	576.10738263121425	1678.8009771550353	22.106295239215296	1927.127556682253	0	0	0	0	0	0	0	0	0.47830709847632497	0.5500241301955608	0.1362788747106462	0.3084243742548553	0.9265377974205541	0.012310669196619741	0.020059183434112438	0.2359608348517344	0	0
380.9263066260825	694.0765308756984	1070.5143196264887	-0	-0	-0	0.4127436019740274	1.1865901332024003	0.26728115596108504	1.6286387680233672	0.2534285748797233	0.7285778507179554	0.16411322216373225	0	0	0	0	0	0	0	0	0	0	0	0	0	0	0	0.03048570916230139	0.48178389981350506	0	0	0	0.8392448555631177	0	0.4755072110030753	0	0	0	0.9996104558582496	0	5.986541828231787e-4	0	0	0.9994710758642137	0.9970040163942855	0.9997321199094182	0.9999985247194846	0.39930636443846984	0.15309984251353273	0.14308976408469098	6.4646762584063735	2.875426187282187	1.1166969267187836	0.29548833271674	0.06752369744682114	0.1032930886067734	2.398986611912081	3.018274141065397	0.5443008597370291	0.3830063872550602	0.017999242140000437	0.006135601127371774	2.53491617698315	0.9074153601642743	-0.6391732979096442	0.11741830080780509	0.009543390470806075	0.032745938735636804	0.012471629550545274	0.5299655132878776	1.228651274975023	1.6286387680233672	600	1.2241297222222223	1.0312230168252146	180	180	0	0	43.60847821367244	49.22270594373138	11.807501058617465	96.10601994081114	576.10738263121425	1678.8009771550353	22.106295239215296	1927.127556682253	0	0	0	0	0	0	0	0	0.47830709847632497	0.5500241301955608	0.1362788747106462	0.3084243742548553	0.9265377974205541	0.012310669196619741	0.020059183434112438	0.2359608348517344	0	0
305.37256330799494	443.8473536944919	753.8043745768795	-0	-0	-0	0.38775378843173286	0.8421819448222656	0.22066977645377445	1.5666053057127178	0.2475121123474851	0.5375839988229318	0.14085856574664246	0	0	0	0	0	0	0	0	0	0	0	0	0	0	0	0.024363580853864183	0.3477107396746682	0	0	0	0.8402203630393443	0	0.08925558494951492	0	0	0	0.9995325641927257	0	2.0939568215952643e-4	0	0	0.9461921908362153	0.7856811232617041	0.991524778716821	0.9999150617612111	0.1298497100523007	0.07908203312775318	0.02687932602943381	2.2118106855050614	1.0775674578311671	1.9160730918982107	0.058478113710961156	0.033862959351280614	6.590109983695192e-4	0.08125864285120174	2.7903492631420033	0.13444946453103282	-0.13442466613326823	-0.0141191681916491	-0.036020852954624816	-1.862497699759503	0.37081941654941336	-0.5096095310273204	-0.05152022292891828	-0.008754181464196365	-0.019436896191376497	-1.7505626806896344	0.6876775195759001	-0.8855681972776727	1.5666053057127178	600	0.7245627777777778	1.03045406528539	180	180	0	0	38.26055681083929	30.564130350557157	1.7642563690806639	75.81212363599073	368.17189308648	1079.5506178347766	117.34394826663724	1674.0171087705298	0	0	0	0	0	0	0	0	0.4893421643327843	0.38109615462262547	0.02227374070826069	0.21635328187509761	0.6205074683533779	0.0674406526816539	-0.01496834163517201	0.11824301045357961	0	0
305.37256330799494	443.8473536944919	753.8043745768795	-0	-0	-0	0.38775378843173286	0.8421819448222656	0.22066977645377445	1.5666053057127178	0.2475121123474851	0.5375839988229318	0.14085856574664246	0	0	0	0	0	0	0	0	0	0	0	0	0	0	0	0.024363580853864183	0.3477107396746682	0	0	0	0.8402203630393443	0	0.08925558494951492	0	0	0	0.9995325641927257	0	2.0939568215952643e-4	0	0	0.9461921908362153	0.7856811232617041	0.991524778716821	0.9999150617612111	0.1298497100523007	0.07908203312775318	0.02687932602943381	2.2118106855050614	1.0775674578311671	1.9160730918982107	0.058478113710961156	0.033862959351280614	6.590109983695192e-4	0.08125864285120174	2.7903492631420033	0.13444946453103282	-0.13442466613326823	-0.0141191681916491	-0.036020852954624816	-1.862497699759503	0.37081941654941336	-0.5096095310273204	-0.05152022292891828	-0.008754181464196365	-0.019436896191376497	-1.7505626806896344	0.6876775195759001	-0.8855681972776727	1.5666053057127178	600	0.7245627777777778	1.03045406528539	180	180	0	0	38.26055681083929	30.564130350557157	1.7642563690806639	75.81212363599073	368.17189308648	1079.5506178347766	117.34394826663724	1674.0171087705298	0	0	0	0	0	0	0	0	0.4893421643327843	0.38109615462262547	0.02227374070826069	0.21635328187509761	0.6205074683533779	0.0674406526816539	-0.01496834163517201	0.11824301045357961	0	0
308.61259064612665	446.7350283290979	757.0764722400985	-0	-0	-0	0.4249654360792671	0.8733668146785443	0.22942703088904018	1.56660530571272	0.27126515819243363	0.5574900145516928	0.14644852155959162	0	0	0	0	0	0	0	0	0	0	0	0	0	0	0	0.024657335483025896	0.34955138309017075	0	0	0	0.8707753133217178	0	0.10486510179770651	0	0	0	0.9996279510279162	0	2.6825362259565345e-4	0	0	0.9771311201557946	0.8880932260115014	0.9968830682326661	0.9999628709618217	0.23174595359167238	0.09843253015295522	0.044513995103874104	3.84593999318466	1.3541459221669907	2.1155245614914553	0.16377403265235918	0.045429682850584685	0.00544834956142376	0.602602712228105	2.97369380988478	0.3195460983469751	-0.06929355604081844	-0.00231696933192882	-0.021660328783394633	-1.125232189510322	0.5490423843969363	-0.3478928834063013	-0.009455185515851339	0.0018490914607021125	-0.010593260761063705	-1.2827468537339066	0.8216619581123321	-0.7722354838265073	1.56660530571272	600	0.7245627777777778	1.03045406528539	180	180	0	0	41.614671261654536	33.01788449409306	2.39132151767401	78.93552614045532	425.1776274405301	1118.2323328609668	125.39105884471874	1708.641364543169	0	0	0	0	0	0	0	0	0.5245637190491778	0.4103316624410393	0.02971097688214768	0.24708592412984343	0.6448504954232261	0.07216164623224174	-0.005486009522835932	0.1434318903786745	0	0
310.48376656765697	448.57724969200734	759.3918236533765	-0	-0	-0	0.442203192809778	0.8895565829709877	0.23480201350165758	1.5666053057127214	0.2822684125971343	0.5678243139654674	0.14987949590457628	0	0	0	0	0	0	0	0	0	0	0	0	0	0	0	0.024825400918232772	0.3507205931150109	0	0	0	0.8838274174886449	0	0.11426221731241112	0	0	0	0.999669150437474	0	3.029002756265568e-4	0	0	0.988047098106927	0.9349213049750584	0.9984383058236478	0.9999794165438005	0.27831091879430925	0.1075138264611436	0.05297559507403826	4.61431753255227	1.4909905579248293	2.2141532120104572	0.1960461287568841	0.05292284341462106	0.011596363162241996	0.9210856963468506	3.056523930542811	0.4318860852487192	-0.035665518327577805	0.00428233105910425	-0.014317532947933698	-0.6983789569105787	0.6410459846633825	-0.2614327156195806	0.009313541111571677	0.007307262976494311	-0.005811131022090965	-1.0571927853629637	0.8955917055004821	-0.701096121045198	1.5666053057127214	600	0.7245627777777778	1.03045406528539	180	180	0	0	43.48011246786693	34.385333648194774	2.7192525448440397	80.5591705010356	456.35434474616346	1142.3556889198057	130.62899822090878	1730.6732690712738	0	0	0	0	0	0	0	0	0.5391597680388354	0.42755277145398907	0.03356495550973332	0.2635509584611958	0.6605427609125918	0.0753062932950235	9.519748841916088e-4	0.16031452262763374	0	0
312.6950762634144	450.8860510792848	761.9250720717774	-0	-0	-0	0.45778608477172994	0.9073928638766725	0.23999301366996068	1.5666053057127227	0.29221532896791913	0.5792096200413777	0.15319303004707788	0	0	0	0	0	0	0	0	0	0	0	0	0	0	0	0.025022561293993852	0.35218044867034537	0	0	0	0.8937331958315642	0	0.12677160909512547	0	0	0	0.999709809791969	0	3.4077691441966243e-4	0	0	0.9948336386390032	0.9712988193747414	0.9993667169503366	0.9999913071952702	0.3290377176696803	0.11713806496208967	0.061158783751545265	5.239267232666826	1.618314777606098	2.30339920240535	0.22887905683970194	0.0599076522738638	0.01937713227802418	1.2689593647605055	3.1553758005566652	0.5467611570769241	0.0016876540846184618	0.01123221885163117	-0.007702274193906233	-0.2870774430150278	0.7408025621738155	-0.17631033039501398	0.028992596793711356	0.013123346355616072	-4.79237379142905e-4	-0.7896039535741137	0.98018365237286	-0.6349343560822018	1.5666053057127227	600	0.7245627777777778	1.03045406528539	180	180	0	0	45.283941038316094	35.58947777974629	3.0484288000996447	82.15250992846899	487.45747393364	1168.7183548642515	136.00408923664406	1752.8346727918893	0	0	0	0	0	0	0	0	0.5559941932274938	0.4427316366494247	0.037946472526891165	0.27981115379494925	0.675789322463477	0.07877053271575339	0.006743101791092802	0.17818921112112185	0	0
317.9955932628333	456.1193786692578	768.1818025189453	-0	-0	-0	0.48523885107268083	0.9479963211441734	0.25036753796788574	1.566605305712725	0.30973905763195553	0.6051277355484798	0.15981532620558975	0	0	0	0	0	0	0	0	0	0	0	0	0	0	0	0.02548894714358022	0.3554672865419101	0	0	0	0.909246549384596	0	0.15768702646589233	0	0	0	0.9997787833456666	0	4.207312204759331e-4	0	0	0.999669231143987	0.9962740229232193	0.9999534215952897	0.9999988957548587	0.42225113640465023	0.13339177284833845	0.07790737635146333	6.3334991159747664	1.8415348087481922	2.4842260309747406	0.2897724611611501	0.07305866155096222	0.0353786512154281	1.8298777588498742	3.350477534886724	0.7253757603788753	0.08064668166684609	0.024189540497412586	0.005135180829939933	0.6319222123898707	0.9236573040459141	-0.017039629708018422	0.06591290246398691	0.0237136000088353	0.009515663852226436	-0.2157727523225496	1.1188117784480103	-0.49220112006544436	1.566605305712725	600	0.7245627777777778	1.03045406528539	180	180	0	0	48.66098866742976	38.456226804020815	3.6879322987355	85.3196912513391	535.6782528353199	1227.310594405863	147.27809098987186	1786.697441430575	0	0	0	0	0	0	0	0	0.5822349186319414	0.48085642962519753	0.04648462740153377	0.3051573248344929	0.7114170764121708	0.0859626533464107	0.023904273541365505	0.213907087610134	0	0
317.9955932628333	456.1193786692578	768.1818025189453	-0	-0	-0	0.48523885107268083	0.9479963211441734	0.25036753796788574	1.566605305712725	0.30973905763195553	0.6051277355484798	0.15981532620558975	0	0	0	0	0	0	0	0	0	0	0	0	0	0	0	0.02548894714358022	0.3554672865419101	0	0	0	0.909246549384596	0	0.15768702646589233	0	0	0	0.9997787833456666	0	4.207312204759331e-4	0	0	0.999669231143987	0.9962740229232193	0.9999534215952897	0.9999988957548587	0.42225113640465023	0.13339177284833845	0.07790737635146333	6.3334991159747664	1.8415348087481922	2.4842260309747406	0.2897724611611501	0.07305866155096222	0.0353786512154281	1.8298777588498742	3.350477534886724	0.7253757603788753	0.08064668166684609	0.024189540497412586	0.005135180829939933	0.6319222123898707	0.9236573040459141	-0.017039629708018422	0.06591290246398691	0.0237136000088353	0.009515663852226436	-0.2157727523225496	1.1188117784480103	-0.49220112006544436	1.566605305712725	600	0.7245627777777778	1.03045406528539	180	180	0	0	48.66098866742976	38.456226804020815	3.6879322987355	85.3196912513391	535.6782528353199	1227.310594405863	147.27809098987186	1786.697441430575	0	0	0	0	0	0	0	0	0.5822349186319414	0.48085642962519753	0.04648462740153377	0.3051573248344929	0.7114170764121708	0.0859626533464107	0.023904273541365505	0.213907087610134	0	0
244.57799180474382	228.73706795355534	475.33383523342167	-0	-0	-0	0.5630751175395635	5.499853120211781	17.868792497917603	26.389022673845517	0.021337475225925363	0.2084144300524908	0.6771297565190834	0	0	0	0	0	0	0	0	0	0	0	0	0	0	0	0.01798293570150994	0.1590540379437159	0	0	0	0.3329064260721713	0	0.190523780675944	0	0	0	0.9993888219020877	0	8.97311511272509e-5	0	0	0.9623996852026508	0.7337839439228364	0.9794042075687226	0.9998493626036622	0.3109106159889607	0.11832079513705329	0.059052518904836065	0.5099260526064778	2.2177596208554533	0.7352229942906783	0.17829060465121713	0.004936441192885566	0.06256161610244843	2.799506051615554	1.7617504519677583	0.8186176216693966	-0.36214320212738316	-0.08105068971635412	-0.02071750983376438	-2.4820189341290306	-1.0527009886828795	-0.05157886861035495	-0.1403206007678772	-0.07332216295136375	-0.004510000892723976	-0.09242553753339836	-0.37853721508447563	-0.17794459191267428	26.389022673845517	600	0.9609547222222222	1.155596307680963	180	180	0	0	197.12887895430094	261.91957592831017	604.8414185921976	1284.0561696902103	798.3942173626376	6347.379394388187	8568.217791396497	18227.396123073977	0	0	0	0	0	0	0	0	0.14847974096911307	0.19773433546182564	0.4578842633986552	0.04239188244280108	0.3429608968330855	0.45736936184729376	0.10271157856904685	0.18737421301038254	0	0
244.57799180474382	228.73706795355534	475.33383523342167	-0	-0	-0	0.5630751175395635	5.499853120211781	17.868792497917603	26.389022673845517	0.021337475225925363	0.2084144300524908	0.6771297565190834	0	0	0	0	0	0	0	0	0	0	0	0	0	0	0	0.01798293570150994	0.1590540379437159	0	0	0	0.3329064260721713	0	0.190523780675944	0	0	0	0.9993888219020877	0	8.97311511272509e-5	0	0	0.9623996852026508	0.7337839439228364	0.9794042075687226	0.9998493626036622	0.3109106159889607	0.11832079513705329	0.059052518904836065	0.5099260526064778	2.2177596208554533	0.7352229942906783	0.17829060465121713	0.004936441192885566	0.06256161610244843	2.799506051615554	1.7617504519677583	0.8186176216693966	-0.36214320212738316	-0.08105068971635412	-0.02071750983376438	-2.4820189341290306	-1.0527009886828795	-0.05157886861035495	-0.1403206007678772	-0.07332216295136375	-0.004510000892723976	-0.09242553753339836	-0.37853721508447563	-0.17794459191267428	26.389022673845517	600	0.9609547222222222	1.155596307680963	180	180	0	0	197.12887895430094	261.91957592831017	604.8414185921976	1284.0561696902103	798.3942173626376	6347.379394388187	8568.217791396497	18227.396123073977	0	0	0	0	0	0	0	0	0.14847974096911307	0.19773433546182564	0.4578842633986552	0.04239188244280108	0.3429608968330855	0.45736936184729376	0.10271157856904685	0.18737421301038254	0	0
247.14424855877354	230.92653885550706	479.1031425348215	-0	-0	-0	1.3742046715949519	5.8684734173526065	18.68042987138827	26.38902267384556	0.05207486039098145	0.22238312838955218	0.7078863852696828	0	0	0	0	0	0	0	0	0	0	0	0	0	0	0	0.01829731022579465	0.16208419162285448	0	0	0	0.6955939820034142	0	0.24181355307622224	0	0	0	0.9997451560565631	0	1.1403607697699747e-4	0	0	0.9833337041659097	0.8349016419214219	0.9925474999848282	0.999968837036547	0.4877518155437984	0.1713453262920584	0.07390623906367366	1.57329561276251	2.6804220687960125	0.915346025217085	0.38777626939450766	0.027344786253654663	0.07608139291469357	3.686196532890745	2.304509359451638	0.9709510695425718	-0.22809302438538548	-0.038912259393623416	-0.010537907351197862	-1.5969623371090607	-0.6237925352000071	0.0613753050405732	-0.05089172645113671	-0.04272838547628299	0.0030060905389970305	0.5315007490551513	-0.05639013741302268	-0.0981104745588568	26.38902267384556	600	0.9609547222222222	1.155596307680963	180	180	0	0	273.66352276906593	304.8207651779177	680.7689080184878	1316.4304694588373	1546.80766038789	6874.55533601691	9528.942112838336	18529.43176445199	0	0	0	0	0	0	0	0	0.20628666703928755	0.22828691826615907	0.5124835020969587	0.0831542628170743	0.36889817779342654	0.5109540573169592	0.1558118414256568	0.2336757499858387	0	0
248.94450712103634	232.31344416959868	481.5777949394603	-0	-0	-0	1.4721905540305236	6.063696344600714	18.877611072397677	26.389022673845588	0.05578799079549181	0.2297810123377742	0.7153584771105401	0	0	0	0	0	0	0	0	0	0	0	0	0	0	0	0.018514662057935748	0.16397465531345362	0	0	0	0.7293318922698568	0	0.26810741954163575	0	0	0	0.9998325641181018	0	1.47871752112602e-4	0	0	0.9910867934532422	0.8966112437783098	0.9966391723603163	0.9999821417296291	0.5874021487932903	0.19926304415546647	0.08133618172683255	2.2606557281051076	2.9404828920197383	0.994003750273299	0.486408393387292	0.050228496926992716	0.08327911170521374	4.137535206252535	2.579683093522873	1.0438926307672383	-0.16203292517269885	-0.01626261542883456	-0.004450688885248022	-1.1327760924886352	-0.3864577236152078	0.1248381324331933	-0.015071296399556733	-0.026170981386165915	0.007009471376802079	0.8126244250790458	0.09949669825957264	-0.05274494068143509	26.389022673845588	600	0.9609547222222222	1.155596307680963	180	180	0	0	292.1124220863722	332.8651369371958	712.1724019973678	1330.753458417049	1694.080429517974	7163.3419514905945	9822.086003253284	18674.686819030823	0	0	0	0	0	0	0	0	0.21871769693323334	0.24928165822813997	0.5340141479605361	0.0909900783248718	0.38392310983748096	0.5263688371233173	0.17955333663008938	0.2634240812280207	0	0
250.95742366122974	234.31592144551215	484.55311767130416	-0	-0	-0	1.5892613197393262	6.261721386723764	19.027189190669972	26.389022673845616	0.06022433416279799	0.23728508115345312	0.7210266718034998	0	0	0	0	0	0	0	0	0	0	0	0	0	0	0	0.01875470626051729	0.16666636578860813	0	0	0	0.7558367474123617	0	0.3004444727067787	0	0	0	0.999873202057274	0	2.2947172665840668e-4	0	0	0.996386635938761	0.9429257720833695	0.998726732308457	0.9999913692761301	0.6929500440823388	0.23013664660012123	0.08873942336673402	3.045491043661791	3.213642161572912	1.0671980781607737	0.5740889624297381	0.07540685889842691	0.08953733937334607	4.538032157885047	2.7842027300443775	1.118109730135176	-0.08429951425474946	0.004343260184635045	0.0017134893014805197	-0.6704528198393418	-0.15448431795818984	0.1890229325127053	0.028646510951734983	-0.010343334933160975	0.011595499119577912	1.117270346352097	0.24824646520724913	-0.003675602082328755	26.389022673845616	600	0.9609547222222222	1.155596307680963	180	180	0	0	309.93997305353145	362.6172602479711	734.8161757782397	1347.7256798678566	1838.1220857033704	7528.769121243112	10066.542335659367	18808.22598096292	0	0	0	0	0	0	0	0	0.2315844840104212	0.27184264807616465	0.5508797859741368	0.09883380939767149	0.402659906015651	0.5393753957951941	0.1969649399623289	0.29259167667958375	0	0
255.66512322988754	238.68432806742132	490.0606287474661	-0	-0	-0	1.8293888720405127	7.124948383774828	19.378532598979458	26.389022673845663	0.06932385843351584	0.2699966752022395	0.7343406703040084	0	0	0	0	0	0	0	0	0	0	0	0	0	0	0	0.019304458375545657	0.17239255064108927	0	0	0	0.8080899848005819	0	0.6602142110041703	0	0	0	0.999898173995893	0	5.187866789186672e-4	0	0	0.9996121030116206	0.9932992325260044	0.9998741764875007	0.999998834317716	0.9275881976126558	0.2875049591458723	0.1022381879991373	4.430068382710027	3.7578696004391423	1.1823558783262782	0.7246272841278729	0.13109153316106745	0.1031816770667353	5.369262559218615	3.2779223839397043	1.2677901284865323	0.09276696430424768	0.045590992854226534	0.012549442060588431	0.34279535212203827	0.24399482975218548	0.2973624224618123	0.10999381281042347	0.020746711578053554	0.020386198937663944	1.7484251900188954	0.552037152908592	0.09060784403554197	26.389022673845663	600	0.9609547222222222	1.155596307680963	180	180	0	0	342.1465394140346	457.49228742466426	770.601580267907	1379.2550536244974	2215.5157748692764	8499.74643996045	10514.833415769257	19094.48680099617	0	0	0	0	0	0	0	0	0.25555491426007987	0.3494450938716782	0.5797240973811811	0.11830920036770776	0.45387505093246844	0.5639428866362874	0.23274270743598593	0.35803262888372855	0	0
255.66512322988754	238.68432806742132	490.0606287474661	-0	-0	-0	1.8293888720405127	7.124948383774828	19.378532598979458	26.389022673845663	0.06932385843351584	0.2699966752022395	0.7343406703040084	0	0	0	0	0	0	0	0	0	0	0	0	0	0	0	0.019304458375545657	0.17239255064108927	0	0	0	0.8080899848005819	0	0.6602142110041703	0	0	0	0.999898173995893	0	5.187866789186672e-4	0	0	0.9996121030116206	0.9932992325260044	0.9998741764875007	0.999998834317716	0.9275881976126558	0.2875049591458723	0.1022381879991373	4.430068382710027	3.7578696004391423	1.1823558783262782	0.7246272841278729	0.13109153316106745	0.1031816770667353	5.369262559218615	3.2779223839397043	1.2677901284865323	0.09276696430424768	0.045590992854226534	0.012549442060588431	0.34279535212203827	0.24399482975218548	0.2973624224618123	0.10999381281042347	0.020746711578053554	0.020386198937663944	1.7484251900188954	0.552037152908592	0.09060784403554197	26.389022673845663	600	0.9609547222222222	1.155596307680963	180	180	0	0	342.1465394140346	457.49228742466426	770.601580267907	1379.2550536244974	2215.5157748692764	8499.74643996045	10514.833415769257	19094.48680099617	0	0	0	0	0	0	0	0	0.25555491426007987	0.3494450938716782	0.5797240973811811	0.11830920036770776	0.45387505093246844	0.5639428866362874	0.23274270743598593	0.35803262888372855	0	0
294.4873491555518	357.65391910249076	654.4777595742866	-0	-0	-0	0.20859327644225514	6.889919954281	3.4448401921067604	14.171005699945205	0.014719722852349229	0.4861983757657802	0.24309073505771525	0	0	0	0	0	0	0	0	0	0	0	0	0	0	0	0.023349632597150564	0.2873927022883107	0	0	0	0.11472022317304333	0	0.08780215093049983	0	0	0	0.9992746434567554	0	2.188665302209847e-4	0	0	0.9051718008692883	0.7690159344598266	0.9448106821947813	0.9998754172971844	0.10077145592059125	0.020650349270499246	0.012309970332652886	0.13699714996686538	0.6701500898900803	0.14719023925841587	0.03539862349781518	0.04945872556371256	0.0012303272051701175	0.13626743130599858	1.5868806616336253	0.0036342254966478145	-0.15491473507675588	-0.0472298443207487	-0.00400894769586424	-1.1147635730944705	-0.08171343276949158	-0.11278231445316496	-0.1130769459497176	-7.469648353933153e-4	-0.02640984189445823	-1.017062747357258	0.08290445050865153	-0.2799853519389695	14.171005699945205	600	1.1113447222222224	1.026450725224503	180	180	0	0	66.20909945143606	160.191151507364	66.74341654344556	413.94762074198843	244.26757812215305	5072.136105624024	378.0312642145767	8249.167990292211	0	0	0	0	0	0	0	0	0.1523117107999366	0.3586619517613108	0.15010488198747224	0.02859095534750225	0.5918101921669927	0.042776565913139525	-0.028905126770499834	0.1298230810980924	0	0
294.4873491555518	357.65391910249076	654.4777595742866	-0	-0	-0	0.20859327644225514	6.889919954281	3.4448401921067604	14.171005699945205	0.014719722852349229	0.4861983757657802	0.24309073505771525	0	0	0	0	0	0	0	0	0	0	0	0	0	0	0	0.023349632597150564	0.2873927022883107	0	0	0	0.11472022317304333	0	0.08780215093049983	0	0	0	0.9992746434567554	0	2.188665302209847e-4	0	0	0.9051718008692883	0.7690159344598266	0.9448106821947813	0.9998754172971844	0.10077145592059125	0.020650349270499246	0.012309970332652886	0.13699714996686538	0.6701500898900803	0.14719023925841587	0.03539862349781518	0.04945872556371256	0.0012303272051701175	0.13626743130599858	1.5868806616336253	0.0036342254966478145	-0.15491473507675588	-0.0472298443207487	-0.00400894769586424	-1.1147635730944705	-0.08171343276949158	-0.11278231445316496	-0.1130769459497176	-7.469648353933153e-4	-0.02640984189445823	-1.017062747357258	0.08290445050865153	-0.2799853519389695	14.171005699945205	600	1.1113447222222224	1.026450725224503	180	180	0	0	66.20909945143606	160.191151507364	66.74341654344556	413.94762074198843	244.26757812215305	5072.136105624024	378.0312642145767	8249.167990292211	0	0	0	0	0	0	0	0	0.1523117107999366	0.3586619517613108	0.15010488198747224	0.02859095534750225	0.5918101921669927	0.042776565913139525	-0.028905126770499834	0.1298230810980924	0	0
297.2897595388946	359.7759707120962	658.1255272960934	-0	-0	-0	0.8880380648043993	8.209264103302111	3.6998784643747342	14.171005699945233	0.06266584627849184	0.5793000353767295	0.26108792436580747	0	0	0	0	0	0	0	0	0	0	0	0	0	0	0	0.02361483642581947	0.2890288902073822	0	0	0	0.4228604771596825	0	0.22596225088812594	0	0	0	0.9994787086781921	0	3.157457321100639e-4	0	0	0.9688907664140212	0.8799912675471193	0.9822659884318781	0.9999462643193537	0.17423174252113355	0.04608698375209114	0.03864081913551909	0.796964955943703	0.9124546734081675	0.3352878031461075	0.12160350996389463	0.06729049443829022	0.00945568607121755	1.0517631568963477	1.7737279675773938	0.038905322368271156	-0.08271030468405471	-0.029320705827557747	0.01134275229889925	0.11826301750598844	0.0885501747313906	0.03496962721684893	-0.026276619611264374	0.01138767182930811	-0.016254145092754246	-0.14618559661513175	0.21256956542547933	-0.18857532553422596	14.171005699945233	600	1.1113447222222224	1.026450725224503	180	180	0	0	100.94103730595174	201.42583003663083	78.31487816336491	430.65901314978345	803.9064694768266	6051.99263453822	539.32662151359375	8517.878091931261	0	0	0	0	0	0	0	0	0.23129586458915444	0.46377541203095884	0.17534403934078147	0.09382630469096047	0.6994096819034892	0.06203637820353408	-0.021013935397785462	0.15324563003933805	0	0
299.30296403188197	361.2941567545395	660.6558800882137	-0	-0	-0	1.5436331988854985	8.786907228402182	3.865220099897072	14.171005699945246	0.10892898017050842	0.6200623593310763	0.2727555250303797	0	0	0	0	0	0	0	0	0	0	0	0	0	0	0	0.023803530726359247	0.2901938123410196	0	0	0	0.6310506760561733	0	0.3561202939910414	0	0	0	0.9995668644928417	0	3.989530916674995e-4	0	0	0.9872589255141806	0.9296474739958919	0.9911342195944912	0.9999720782614114	0.24201952634691848	0.06012508940409855	0.04893397249084275	1.2368097392351587	1.0228070107341092	0.4379287721442815	0.1766491300558909	0.0779180087607253	0.01689949508390698	1.8678965172281972	1.889169104940152	0.08435032138089693	-0.03899785781301546	-0.02089837722171861	0.0188862550236939	0.6083784295129484	0.175119636115455	0.1053031130743487	0.012343528797253756	0.018033422785051823	-0.011116931175891409	0.27599598087500876	0.29374305548112467	-0.14827530709241232	14.171005699945246	600	1.1113447222222224	1.026450725224503	180	180	0	0	127.70051343050886	227.77516531265493	83.887844863086	440.74356886290684	1452.2763312972459	6557.953731919208	621.0170777725718	8629.751787533885	0	0	0	0	0	0	0	0	0.2919306476962764	0.5158723175818059	0.1902284551452023	0.1685892921380732	0.7586104350879699	0.07196802133871663	-0.016313902037302548	0.16609005919489472	0	0
301.1313293829347	363.1131312064973	663.3924916079429	-0	-0	-0	2.1592663635673803	9.402216967371364	4.005803800313859	14.171005699945258	0.1523721328808531	0.6634826889814673	0.28267604185137934	0	0	0	0	0	0	0	0	0	0	0	0	0	0	0	0.023973613480841795	0.29158340447158265	0	0	0	0.7637614859500106	0	0.5686194091408743	0	0	0	0.9996536816866931	0	4.8143331408445313e-4	0	0	0.9953841101715335	0.9696349641330161	0.9961769624026462	0.9999879121852682	0.3862903156836989	0.0707016606760148	0.05843225677457792	2.0447177376916352	1.1332099387358894	0.5330086268268638	0.23224656449231573	0.08814639966796767	0.02633054013044056	2.6083942449863815	2.0043111235157345	0.14542767776870758	0.021171939752862023	-0.01355839197118458	0.027493457326780324	1.1339801640014786	0.2701217550978601	0.17012798769517667	0.047666430830552	0.025045816421125133	-0.005279837415489985	0.6075642504283354	0.3719206814730085	-0.10148143971414592	14.171005699945258	600	1.1113447222222224	1.026450725224503	180	180	0	0	152.7429367128204	255.02503885560287	89.44367679141158	451.52169956447324	2015.1503980851085	7092.701864330382	694.0653025654954	8740.281632590832	0	0	0	0	0	0	0	0	0.3461189038698836	0.5808703692187038	0.20525945031076065	0.23140461373863686	0.8272093169084669	0.08135877515554318	-0.010994973093864206	0.1805321957584443	0	0
305.84790919726595	367.4807639068814	669.2111214875281	-0	-0	-0	3.421669718936168	10.118885224639	4.2028117720286895	14.171005699945281	0.24145567304015644	0.7140555468605937	0.2965782288863895	0	0	0	0	0	0	0	0	0	0	0	0	0	0	0	0.024406897667638355	0.2948932889735697	0	0	0	0.9097331185915514	0	0.8819487696860219	0	0	0	0.9997636272311404	0	6.525028690418544e-4	0	0	0.9998121435642041	0.9971623775460482	0.9998206335965477	0.9999987426362822	0.938679096750066	0.09295173475171382	0.07820477100736015	4.821084264591656	1.3671601798957291	0.692947995933124	0.6600760000001809	0.10962463975166024	0.0454638292368607	4.135497839698795	2.191243930460678	0.29655735618238593	0.272954841940017	0.0028983585208686687	0.04439335861609609	2.35800134357223	0.4474525941416581	0.3005139357618304	0.19079762471203132	0.03839281258830906	0.005434993091805666	1.2627297360021144	0.4977316048985355	-6.975150844572388e-4	14.171005699945281	600	1.1113447222222224	1.026450725224503	180	180	0	0	204.33262301276602	296.5344827648505	100.40866548276296	467.84713415434805	2910.30742196487	7774.720067850585	818.4010385683317	8981.044281731527	0	0	0	0	0	0	0	0	0.44841174841652187	0.6624719770910481	0.23153882172892393	0.34104460920058094	0.8972235287990434	0.0948752402296585	-4.849982239648122e-6	0.20639855931877313	0	0
305.84790919726595	367.4807639068814	669.2111214875281	-0	-0	-0	3.421669718936168	10.118885224639	4.2028117720286895	14.171005699945281	0.24145567304015644	0.7140555468605937	0.2965782288863895	0	0	0	0	0	0	0	0	0	0	0	0	0	0	0	0.024406897667638355	0.2948932889735697	0	0	0	0.9097331185915514	0	0.8819487696860219	0	0	0	0.9997636272311404	0	6.525028690418544e-4	0	0	0.9998121435642041	0.9971623775460482	0.9998206335965477	0.9999987426362822	0.938679096750066	0.09295173475171382	0.07820477100736015	4.821084264591656	1.3671601798957291	0.692947995933124	0.6600760000001809	0.10962463975166024	0.0454638292368607	4.135497839698795	2.191243930460678	0.29655735618238593	0.272954841940017	0.0028983585208686687	0.04439335861609609	2.35800134357223	0.4474525941416581	0.3005139357618304	0.19079762471203132	0.03839281258830906	0.005434993091805666	1.2627297360021144	0.4977316048985355	-6.975150844572388e-4	14.171005699945281	600	1.1113447222222224	1.026450725224503	180	180	0	0	204.33262301276602	296.5344827648505	100.40866548276296	467.84713415434805	2910.30742196487	7774.720067850585	818.4010385683317	8981.044281731527	0	0	0	0	0	0	0	0	0.44841174841652187	0.6624719770910481	0.23153882172892393	0.34104460920058094	0.8972235287990434	0.0948752402296585	-4.849982239648122e-6	0.20639855931877313	0	0
