86.3019465996719	94.08620403330389	184.25735971386746	-0	-0	-0	0.0084399850962199	0.02915660933005207	0.01220170951286941	0.07648605621233875	0.1103467156521837	0.38120163038748034	0.1595285483016055	0	0	0	0	0	0	0	0	0	0	0	0	0	0	0	0.00942006285687827	0.12869309964404504	0	0	0	0.10267546819211192	0	0.12670190263018005	0	0	0	0.9979313651537134	0	1.423011353428505e-4	0	0	0.668010785078001	0.75703148112688	0.3491697955593977	0.9997279364531457	0.007455835943000027	0.002191368741008049	0.0038333942553264496	0.03484779918489132	0.24115138210419923	0.032673974768414965	0.005582010036771432	2.822327475328463e-4	0.002975152905938062	0.02238523941870624	0.06753336973864797	0.032385717468449246	-0.39898271513545347	-0.547976568639445	-0.5672885455392022	-3.4058272596833	-1.212827028399008	-3.3336671954805643	-0.1523409466243004	-0.2036736048632187	-0.1604351399553369	-0.8801774973081369	-0.6931206266289163	-0.861946040438414	0.07648605621233875	600	1.5818144444444444	1.6015369595156386	81	81	0	0	0.034132764545769564	0.0026574689431245677	0.0022360413779081165	0.4883495727634678	0.035971144788862625	7.412348264742908	0.05439190796073386	9.748951194025823	0	0	0	0	0	0	0	0	0.057859276127981224	0.004440652355947812	0.002358546204875342	0.0034123548814199768	0.6424233379494326	0.003989429371560169	0.17460195784880253	0.19580451251187297	0	0
86.3019465996719	94.08620403330389	184.25735971386746	-0	-0	-0	0.0084399850962199	0.02915660933005207	0.01220170951286941	0.07648605621233875	0.1103467156521837	0.38120163038748034	0.1595285483016055	0	0	0	0	0	0	0	0	0	0	0	0	0	0	0	0.00942006285687827	0.12869309964404504	0	0	0	0.10267546819211192	0	0.12670190263018005	0	0	0	0.9979313651537134	0	1.423011353428505e-4	0	0	0.668010785078001	0.75703148112688	0.3491697955593977	0.9997279364531457	0.007455835943000027	0.002191368741008049	0.0038333942553264496	0.03484779918489132	0.24115138210419923	0.032673974768414965	0.005582010036771432	2.822327475328463e-4	0.002975152905938062	0.02238523941870624	0.06753336973864797	0.032385717468449246	-0.39898271513545347	-0.547976568639445	-0.5672885455392022	-3.4058272596833	-1.212827028399008	-3.3336671954805643	-0.1523409466243004	-0.2036736048632187	-0.1604351399553369	-0.8801774973081369	-0.6931206266289163	-0.861946040438414	0.07648605621233875	600	1.5818144444444444	1.6015369595156386	81	81	0	0	0.034132764545769564	0.0026574689431245677	0.0022360413779081165	0.4883495727634678	0.035971144788862625	7.412348264742908	0.05439190796073386	9.748951194025823	0	0	0	0	0	0	0	0	0.057859276127981224	0.004440652355947812	0.002358546204875342	0.0034123548814199768	0.6424233379494326	0.003989429371560169	0.17460195784880253	0.19580451251187297	0	0
88.37700068350868	97.19411053569603	187.58750141150117	-0	-0	-0	0.012904302499645276	0.03986267517626406	0.014841113494859278	0.07648605621233884	0.16871444468022548	0.5211757168600535	0.19403685102625373	0	0	0	0	0	0	0	0	0	0	0	0	0	0	0	0.010451408491644826	0.1401122770495205	0	0	0	0.12972389981548724	0	0.41634488556589627	0	0	0	0.9990948541308232	0	3.3784676481682504e-4	0	0	0.7817171067491184	0.8821166542344968	0.45665930699699975	0.9999205385310261	0.06714836016345764	0.04256462595457448	0.03569227240060584	0.3745982721219214	0.9826974409674532	0.34019210828744284	0.03798696340353831	0.009747405785779113	0.017724382880073254	0.22755110266528394	0.29309662287735444	0.19546850027410292	-0.09132036653370351	-0.33906479539643336	-0.33222833704117116	-2.0955544907847075	-0.533002377630519	-2.1515218537080174	-0.03709583192825766	-0.08805429905625078	-0.041361528655812	-0.1182541794994122	-0.41671255762289794	-0.21750643421085913	0.07648605621233884	600	1.5818144444444444	1.6015369595156386	81	81	0	0	0.3030908242367596	0.0668981332806145	0.031796088822810084	0.633135611951561	0.4190515870573981	9.319556765189912	0.29284194523614027	11.40794101924671	0	0	0	0	0	0	0	0	0.41333774243549976	0.10247957642541805	0.043754757535461035	0.033491895068934595	0.7962180488808167	0.022937171231304	0.26309671328327405	0.29824589950630753	0	0
90.28223313037076	99.2130353653385	189.7304096576432	-0	-0	-0	0.016055091614483943	0.04328957800023555	0.017110805607083744	0.0764860562123389	0.20990873905058144	0.565979998760244	0.22371143780221991	0	0	0	0	0	0	0	0	0	0	0	0	0	0	0	0.011315875277364235	0.1470559448252648	0	0	0	0.18639433567783353	0	0.6226567542924413	0	0	0	0.9993871906380787	0	5.445495935220957e-4	0	0	0.833501368956959	0.9279153813330818	0.5455594222437923	0.9999627067674128	0.1248499832452524	0.11081572699403042	0.08340596082941752	0.8679402755649985	1.6101480212319077	0.7477128354324056	0.07320997955482719	0.024142190910999207	0.030783822272097867	0.4891328646362485	0.4748194141456158	0.3634800153416528	-0.014858244965853862	-0.23802527080312252	-0.1891168926325002	-1.4426786357554675	-0.2075127415967588	-1.5788955801125633	-0.00927828019724597	-0.029466906660323255	-0.0033192241494138797	0.21044842963850297	-0.2814893593344663	0.07131184803771307	0.0764860562123389	600	1.5818144444444444	1.6015369595156386	81	81	0	0	0.5113460018826802	0.14547223056137634	0.09262680227210132	0.7369326382124373	0.9238146688580147	10.544494626486292	0.5461584710537009	12.298631168846835	0	0	0	0	0	0	0	0	0.6387463551833932	0.19592382867603378	0.11258445874464328	0.07507432341938686	0.8667024694276655	0.04529407989127161	0.323021500518466	0.3497890544816803	0	0
92.68057156767104	100.71629786689661	191.95866380617372	-0	-0	-0	0.020005291068960845	0.04641548440367641	0.019407244567195694	0.07648605621233895	0.2615547468341497	0.6068489696320434	0.25373572031636327	0	0	0	0	0	0	0	0	0	0	0	0	0	0	0	0.012318130846862726	0.15202024274384052	0	0	0	0.537921095510685	0	0.71204264814024	0	0	0	0.999631329494696	0	8.385299336368474e-4	0	0	0.8930629862282008	0.9640418647041641	0.9345163181185769	0.9999849790081918	0.24184415597954365	0.20764063518836073	0.17946478349463715	1.5618323216802463	2.2421667349798895	1.3774359562299792	0.12171828285300498	0.043582667668637685	0.0460798991230865	0.9076931007550303	0.6758755259670624	0.519248175147246	0.031232816530214036	-0.1312560860949879	-0.02752006630529208	-0.9092909579136248	0.027032925843191613	-1.1087647220367092	0.01393853178098814	0.006697822640320372	0.019842842916230286	0.597903307479489	-0.1479685188140436	0.4020435855576394	0.07648605621233895	600	1.5818144444444444	1.6015369595156386	81	81	0	0	0.5899692135581212	0.2700199567297971	0.19879752766132305	0.8470099098365232	1.724190223179402	11.727045611079983	0.9647178214710124	13.362504761516437	0	0	0	0	0	0	0	0	0.8064708230869393	0.33794477946050844	0.27253632131299904	0.1399338242366886	0.921471836967254	0.07527855499441075	0.3885346367230608	0.4006656414966668	0	0
99.06980769740942	104.22312439892933	197.00354796103363	-0	-0	-0	0.027994410548635523	0.05128954241609764	0.02383417736781136	0.07648605621233906	0.3660067198512374	0.6705737614933217	0.3116146726357996	0	0	0	0	0	0	0	0	0	0	0	0	0	0	0	0.014657418465081886	0.1630143753512364	0	0	0	0.8573324015720413	0	0.7910120335230638	0	0	0	0.999845279587001	0	0.0018617788002750105	0	0	0.9802742084618592	0.9979584254240172	0.9910248175952566	0.9999991080263487	0.4866867158491886	0.501408685365681	0.44815666813790234	3.476041940749123	3.3920201613615277	3.075381163523077	0.24486957796773273	0.07850444778109733	0.0743987839144626	1.70945114696407	1.0035553116312714	0.8332183775212316	0.1131081411387226	0.016265388974997297	0.01965482332615188	-0.24804272965561167	0.5291555169456619	-0.3950205232138312	0.07567080397546765	0.1421919162147683	0.15313024133675984	1.4418736875162679	0.09183847480808587	1.114900162293681	0.07648605621233906	600	1.5818144444444444	1.6015369595156386	81	81	0	0	0.7446987903507348	0.5742929886977881	0.35605974817010555	1.1724698532303726	3.4338075734053453	13.924563889672552	1.9530551616753171	15.570871144468278	0	0	0	0	0	0	0	0	0.9635370412830205	0.6245934866791683	0.5482387489524069	0.27294769630671945	0.9767628806429753	0.15297440646977392	0.5303792574501913	0.48894801000119653	0	0
99.06980769740942	104.22312439892933	197.00354796103363	-0	-0	-0	0.027994410548635523	0.05128954241609764	0.02383417736781136	0.07648605621233906	0.3660067198512374	0.6705737614933217	0.3116146726357996	0	0	0	0	0	0	0	0	0	0	0	0	0	0	0	0.014657418465081886	0.1630143753512364	0	0	0	0.8573324015720413	0	0.7910120335230638	0	0	0	0.999845279587001	0	0.0018617788002750105	0	0	0.9802742084618592	0.9979584254240172	0.9910248175952566	0.9999991080263487	0.4866867158491886	0.501408685365681	0.44815666813790234	3.476041940749123	3.3920201613615277	3.075381163523077	0.24486957796773273	0.07850444778109733	0.0743987839144626	1.70945114696407	1.0035553116312714	0.8332183775212316	0.1131081411387226	0.016265388974997297	0.01965482332615188	-0.24804272965561167	0.5291555169456619	-0.3950205232138312	0.07567080397546765	0.1421919162147683	0.15313024133675984	1.4418736875162679	0.09183847480808587	1.114900162293681	0.07648605621233906	600	1.5818144444444444	1.6015369595156386	81	81	0	0	0.7446987903507348	0.5742929886977881	0.35605974817010555	1.1724698532303726	3.4338075734053453	13.924563889672552	1.9530551616753171	15.570871144468278	0	0	0	0	0	0	0	0	0.9635370412830205	0.6245934866791683	0.5482387489524069	0.27294769630671945	0.9767628806429753	0.15297440646977392	0.5303792574501913	0.48894801000119653	0	0
229.140055110983	239.22220910923443	470.46673301270096	-0	-0	-0	0.00978428108669211	0.03429482471522406	0.019623950842510653	0.07886717404946511	0.12406024692295212	0.4348428243886915	0.24882279705118598	0	0	0	0	0	0	0	0	0	0	0	0	0	0	0	0.008114119617989085	0.10116097431257133	0	0	0	0.356335603631285	0	0.24977126491335255	0	0	0	0.9978303805779207	0	5.984376073435092e-4	0	0	0.8563096953216244	0.7690343983277879	0.8614740853999371	0.9995965908527937	0.0015146790460811692	0.003830782027716713	0.013338291358527838	0.020807018916083057	0.6166508222192935	0.05608318439174033	0.0012931158553679024	0.014660914056921975	0.0341518486199687	0.01838564918164303	0.5589648616328664	0.21987178064551094	-0.5624136365020329	-0.024883805002243055	-0.01610799412769325	-3.4637139692576544	-0.22910750043455183	-0.2617542396809286	-0.17948742012459862	-0.014038357306786924	-0.0088839575696022	-1.1999725815050446	-0.11272497422397419	-0.06933318253425552	0.07886717404946511	600	3.1166008333333335	1.0157649986421584	221	221	0	0	0.003884408773955358	0.49168701015280186	0.3563213066594296	1.0725963764181528	0.028352961125118897	16.784737588704715	1.7893725866451204	20.675007600562857	0	0	0	0	0	0	0	0	0.003178430847236467	0.3811062890006031	0.261900170305718	0.0012374802555750368	0.7857440941057025	0.07690253062921977	0.07528799568263009	0.3259887106680292	0	0
229.140055110983	239.22220910923443	470.46673301270096	-0	-0	-0	0.00978428108669211	0.03429482471522406	0.019623950842510653	0.07886717404946511	0.12406024692295212	0.4348428243886915	0.24882279705118598	0	0	0	0	0	0	0	0	0	0	0	0	0	0	0	0.008114119617989085	0.10116097431257133	0	0	0	0.356335603631285	0	0.24977126491335255	0	0	0	0.9978303805779207	0	5.984376073435092e-4	0	0	0.8563096953216244	0.7690343983277879	0.8614740853999371	0.9995965908527937	0.0015146790460811692	0.003830782027716713	0.013338291358527838	0.020807018916083057	0.6166508222192935	0.05608318439174033	0.0012931158553679024	0.014660914056921975	0.0341518486199687	0.01838564918164303	0.5589648616328664	0.21987178064551094	-0.5624136365020329	-0.024883805002243055	-0.01610799412769325	-3.4637139692576544	-0.22910750043455183	-0.2617542396809286	-0.17948742012459862	-0.014038357306786924	-0.0088839575696022	-1.1999725815050446	-0.11272497422397419	-0.06933318253425552	0.07886717404946511	600	3.1166008333333335	1.0157649986421584	221	221	0	0	0.003884408773955358	0.49168701015280186	0.3563213066594296	1.0725963764181528	0.028352961125118897	16.784737588704715	1.7893725866451204	20.675007600562857	0	0	0	0	0	0	0	0	0.003178430847236467	0.3811062890006031	0.261900170305718	0.0012374802555750368	0.7857440941057025	0.07690253062921977	0.07528799568263009	0.3259887106680292	0	0
231.30633131514412	241.20176757780814	473.3747549523473	-0	-0	-0	0.01283910354707637	0.03918493108583185	0.02194992882177694	0.07886717404946526	0.16279401033215296	0.4968471554623627	0.2783151429771024	0	0	0	0	0	0	0	0	0	0	0	0	0	0	0	0.008583744195100902	0.10464284483318344	0	0	0	0.4846114796497275	0	0.36365176590448056	0	0	0	0.998527722399541	0	9.160733272479427e-4	0	0	0.9183592171898977	0.8830549515661956	0.9306784607109927	0.9998487218286282	0.021650525503791915	0.01768136897624185	0.021317629441039043	0.20394146011198866	0.7837305209109513	0.14815607499713634	0.02008303283389727	0.02757878820621034	0.041775463001954394	0.2013276217025256	0.7073866876765865	0.3129397046769381	-0.29273908057871484	-0.009777461746286298	-0.007851593639971066	-2.1223771948634766	-0.07324283444848678	-0.18201752939683302	-0.06704238290474096	-0.004029811561733432	-0.0029505290247157645	-0.4042844368190478	-0.015027107203647083	-0.0018579154529598796	0.07886717404946526	600	3.1166008333333335	1.0157649986421584	221	221	0	0	0.03773869333000222	0.6235414062551776	0.4182707169540464	1.1842104496270114	0.2294772730152262	18.50375306442674	2.286525960247565	21.84036202532037	0	0	0	0	0	0	0	0	0.03166930697960623	0.5080507019762215	0.32275173268371754	0.010174223967282852	0.8388489609106893	0.10077673696694178	0.13921824424644408	0.3944529345171811	0	0
232.50456096818937	242.6526671311637	475.5331371472296	-0	-0	-0	0.014759505960494836	0.041266122621128276	0.02298016834125912	0.07886717404946533	0.187143842015155	0.5232357202915154	0.2913781128615818	0	0	0	0	0	0	0	0	0	0	0	0	0	0	0	0.008832788263618416	0.10712300173972536	0	0	0	0.5479279801343726	0	0.42131743936950145	0	0	0	0.9988003482220624	0	0.0011054373356967203	0	0	0.9469779648439434	0.9321463375312407	0.960251922797869	0.9999212904236423	0.04781640193214445	0.027470537092257146	0.026415669601176434	0.44989736326996344	0.8818645592993907	0.19383347147286717	0.041581168456625725	0.03467831403777043	0.04645112855599472	0.38984364204469873	0.7854056384946253	0.3632649194335184	-0.17753724500015722	-0.0022531294855547834	-0.00316986118799345	-1.5664090865755806	0.001952725110395459	-0.13442747704432434	-0.016034399587001258	6.446927245398193e-4	4.425996807524424e-4	-0.04850957282777979	0.03618190911343255	0.036131587815152244	0.07886717404946533	600	3.1166008333333335	1.0157649986421584	221	221	0	0	0.08683257112620188	0.6902759739153967	0.446883313448334	1.25004794514679	0.45459760571974117	19.395296645398076	2.567378198987978	22.572886780902756	0	0	0	0	0	0	0	0	0.06986445674687687	0.5606653963724031	0.35571119634513737	0.020174403037981868	0.8608987339635046	0.11328470996758484	0.17922673965528596	0.42698551554348596	0	0
234.12280169754558	244.4249214160792	477.816410846738	-0	-0	-0	0.016586998599331396	0.0431343949567146	0.023994573672865636	0.07886717404946539	0.2103156198918458	0.546924566229047	0.3042403124247395	0	0	0	0	0	0	0	0	0	0	0	0	0	0	0	0.009158385994497005	0.11007668855736592	0	0	0	0.617267548455588	0	0.4862846086475681	0	0	0	0.9990267097328525	0	0.0013503428712422201	0	0	0.9723914712216841	0.966102838418271	0.9807747520206263	0.9999652273001511	0.08803589726048605	0.03637518067850425	0.031368130271904715	0.7346122784380182	0.9747889432578521	0.25038846384187063	0.07064749068836404	0.041932410553171096	0.05170159694406786	0.6206400642042433	0.8566791909128728	0.41684681871581325	-0.05196427283104926	0.004578609297717029	9.736253878442902e-4	-1.0097368545794463	0.06491150542501556	-0.0849200632456415	0.031397411590087354	0.005802782740688128	0.0036345248239683103	0.3417695500112019	0.08682052518552363	0.06936482482249429	0.07886717404946539	600	3.1166008333333335	1.0157649986421584	221	221	0	0	0.17131951679296017	0.7561208323052724	0.47004336179122685	1.3235768303257849	0.8644273138596072	20.18438581349455	2.8668980117901355	23.223610536565072	0	0	0	0	0	0	0	0	0.1336189037292898	0.6020357933274698	0.3871095921532371	0.03890331088775248	0.8789262830846305	0.12791930936740695	0.22282919017241318	0.46083066054305666	0	0
238.87851837275664	249.34821225708436	484.25850803291775	-0	-0	-0	0.020559590479150736	0.04733868724629827	0.025709143920079423	0.07886717404946553	0.26068628332309435	0.600233085777964	0.32598028558693787	0	0	0	0	0	0	0	0	0	0	0	0	0	0	0	0.010054416748428226	0.11789429238281027	0	0	0	0.7338498727502943	0	0.6043898540306083	0	0	0	0.9993574561322196	0	0.0018646589178445828	0	0	0.9984927896323099	0.9958423349480925	0.9988413259780744	0.9999960180621705	0.18955785295439703	0.05377483826593479	0.04019517598215981	1.4858615871785725	1.1601171104870986	0.34287447725026415	0.14699341601274177	0.05531647169314567	0.061682214162258824	1.171938130304285	1.0251629122536168	0.5161406985010195	0.02692611478342967	0.016850562770197947	0.010495027391031662	-0.24909285706842987	0.21757513316281252	0.009963601228508033	0.17047679163768784	0.015811517439308514	0.010212704039334374	1.0151001528630126	0.18532167746017933	0.12906065481344997	0.07886717404946553	600	3.1166008333333335	1.0157649986421584	221	221	0	0	0.41180300229753974	0.8829929894927399	0.5229788202968219	1.4909082721543354	2.3232062928254367	21.654483038109348	3.459104298302716	24.586289925652682	0	0	0	0	0	0	0	0	0.28867359212832755	0.6706332710069739	0.44645644650105204	0.10263407803297109	0.9067964208324971	0.1565453474018836	0.29772580396691195	0.5130885872162989	0	0
238.87851837275664	249.34821225708436	484.25850803291775	-0	-0	-0	0.020559590479150736	0.04733868724629827	0.025709143920079423	0.07886717404946553	0.26068628332309435	0.600233085777964	0.32598028558693787	0	0	0	0	0	0	0	0	0	0	0	0	0	0	0	0.010054416748428226	0.11789429238281027	0	0	0	0.7338498727502943	0	0.6043898540306083	0	0	0	0.9993574561322196	0	0.0018646589178445828	0	0	0.9984927896323099	0.9958423349480925	0.9988413259780744	0.9999960180621705	0.18955785295439703	0.05377483826593479	0.04019517598215981	1.4858615871785725	1.1601171104870986	0.34287447725026415	0.14699341601274177	0.05531647169314567	0.061682214162258824	1.171938130304285	1.0251629122536168	0.5161406985010195	0.02692611478342967	0.016850562770197947	0.010495027391031662	-0.24909285706842987	0.21757513316281252	0.009963601228508033	0.17047679163768784	0.015811517439308514	0.010212704039334374	1.0151001528630126	0.18532167746017933	0.12906065481344997	0.07886717404946553	600	3.1166008333333335	1.0157649986421584	221	221	0	0	0.41180300229753974	0.8829929894927399	0.5229788202968219	1.4909082721543354	2.3232062928254367	21.654483038109348	3.459104298302716	24.586289925652682	0	0	0	0	0	0	0	0	0.28867359212832755	0.6706332710069739	0.44645644650105204	0.10263407803297109	0.9067964208324971	0.1565453474018836	0.29772580396691195	0.5130885872162989	0	0
96.47100361817911	106.2204976767413	204.30365346090414	-0	-0	-0	0.005294287288614909	0.03427908014873707	0.014886855422013316	0.075225510915712	0.07037888110254238	0.45568424503152566	0.19789636841009375	0	0	0	0	0	0	0	0	0	0	0	0	0	0	0	0.014180363670331092	0.1766418018332992	0	0	0	0.11835210346020411	0	0.1272844528199632	0	0	0	0.9975819198354773	0	3.9933738172897085e-4	0	0	0.7732836569102035	0.7870022079132551	0.5572380431470505	0.9996665106212586	0.007966926214245057	0.0031418095670494375	0.0023497606550798274	0.0597126387033249	0.10086901325042133	0.02412939487789536	0.003526047708967371	0.0010031913396024046	0.001170002833876314	0.03317850675301661	0.40431745477035336	0.006351314201642676	-0.6103325814760824	-0.5929727112729107	-0.5071019110183368	-3.1752946197763556	-0.8789741429825177	-3.571059466139251	-0.1883670621316813	-0.2016777065780788	-0.11212268776194478	-0.6693322967453924	-0.4891246966633347	-1.082639648089265	0.075225510915712	600	1.5966527777777777	1.4931146807228932	80	79	0	0	0.006370784388755455	0.0010401308555578195	0.00760834290596066	0.19245105112326397	0.14309919415742162	9.5362106218723	0.012509889290036168	12.040911957499322	0	0	0	0	0	0	0	0	0.02934000096767638	0.0027945674891158645	0.011541339860764497	0.009431223916261552	0.6485812175598551	9.658478743147456e-4	-0.033747189528856865	0.1465818023139166	0	0
96.47100361817911	106.2204976767413	204.30365346090414	-0	-0	-0	0.005294287288614909	0.03427908014873707	0.014886855422013316	0.075225510915712	0.07037888110254238	0.45568424503152566	0.19789636841009375	0	0	0	0	0	0	0	0	0	0	0	0	0	0	0	0.014180363670331092	0.1766418018332992	0	0	0	0.11835210346020411	0	0.1272844528199632	0	0	0	0.9975819198354773	0	3.9933738172897085e-4	0	0	0.7732836569102035	0.7870022079132551	0.5572380431470505	0.9996665106212586	0.007966926214245057	0.0031418095670494375	0.0023497606550798274	0.0597126387033249	0.10086901325042133	0.02412939487789536	0.003526047708967371	0.0010031913396024046	0.001170002833876314	0.03317850675301661	0.40431745477035336	0.006351314201642676	-0.6103325814760824	-0.5929727112729107	-0.5071019110183368	-3.1752946197763556	-0.8789741429825177	-3.571059466139251	-0.1883670621316813	-0.2016777065780788	-0.11212268776194478	-0.6693322967453924	-0.4891246966633347	-1.082639648089265	0.075225510915712	600	1.5966527777777777	1.4931146807228932	80	79	0	0	0.006370784388755455	0.0010401308555578195	0.00760834290596066	0.19245105112326397	0.14309919415742162	9.5362106218723	0.012509889290036168	12.040911957499322	0	0	0	0	0	0	0	0	0.02934000096767638	0.0027945674891158645	0.011541339860764497	0.009431223916261552	0.6485812175598551	9.658478743147456e-4	-0.033747189528856865	0.1465818023139166	0	0
98.00957274893916	108.22625240395253	207.21056509595812	-0	-0	-0	0.009815449171726815	0.040134304351437854	0.018006809781931463	0.07522551091571211	0.13048032578635094	0.5335198639781533	0.23937105328679711	0	0	0	0	0	0	0	0	0	0	0	0	0	0	0	0.014712865301156666	0.18230050111155127	0	0	0	0.3489027339313584	0	0.28578249666209044	0	0	0	0.9984693648102518	0	7.048694083851399e-4	0	0	0.8816852678508985	0.884594757631381	0.8230377078665326	0.9998583675294036	0.08724301979213256	0.04950253715775625	0.035909194381431385	0.6037316367181139	0.6835538874984465	0.3320773595253321	0.02544140697942309	0.009746845551173076	0.00898013712392229	0.39023985287367313	0.7115629539975858	0.10727034061475052	-0.32025709828526294	-0.38035714810140026	-0.17421963400781515	-1.8559369673866453	-0.3245806554883893	-2.315552246266129	-0.04581089415826067	-0.06936320282302072	-0.019130937329111974	0.2406905522666971	-0.26070094759832974	-0.36998818798168676	0.07522551091571211	600	1.5966527777777777	1.4931146807228932	80	79	0	0	0.06974292173654639	0.029210760252779383	0.1091067098334351	0.3346436693129553	1.024393345215397	11.293128120151739	0.19001883576684286	13.979468005355438	0	0	0	0	0	0	0	0	0.1936856459598727	0.07499725761778363	0.22144673328715114	0.06936204124447815	0.7773334089654257	0.013139948857358606	-0.010597207449994792	0.24944920338253795	0	0
99.04731460372994	109.80357937834425	209.19657779280732	-0	-0	-0	0.012447792525769576	0.04310593305886844	0.019924965137433207	0.07522551091571215	0.16547302071124415	0.5730228021603907	0.2648697881195984	0	0	0	0	0	0	0	0	0	0	0	0	0	0	0	0.015061401829383016	0.1866300244987908	0	0	0	0.5509348974690695	0	0.41597766889223836	0	0	0	0.9988394589233365	0	0.0010609219413572936	0	0	0.9365885755327121	0.9315596163784565	0.9615524373347915	0.9999261565275732	0.17792733958842327	0.10975467575082565	0.08339779945040246	1.3000382748725072	1.1825927095011317	0.7575779232617195	0.05280888959939514	0.018701676134077874	0.01770620147192182	0.758922875951741	0.8479878786113801	0.22855031069062262	-0.1869562772765213	-0.28190625907144307	-0.04116450660423354	-1.2816654887650856	1.3833292160825295e-4	-1.736215505559427	-0.00635862860875247	-0.014181580340436595	-0.006457585194819648	0.6934951150328468	-0.12044936519874883	-0.039396015359995706	0.07522551091571215	600	1.5966527777777777	1.4931146807228932	80	79	0	0	0.16141090411558126	0.07880047187479813	0.14879111205953366	0.43511465489640316	1.9424303047431242	12.277772867805783	0.4278323142556186	14.863509910908158	0	0	0	0	0	0	0	0	0.3634705535931425	0.2029650736833839	0.35449328530668045	0.13134265291121033	0.8324299157210804	0.02916981099155305	0.007639719696855205	0.29994580745875543	0	0
100.61822825676765	111.6182275365623	211.79311029852065	-0	-0	-0	0.01492684042094303	0.04570069298305274	0.021632700404542928	0.07522551091571221	0.19842790350294998	0.6075158869211131	0.2875713324005431	0	0	0	0	0	0	0	0	0	0	0	0	0	0	0	0.015574176123763847	0.19148990516597525	0	0	0	0.6988907894761721	0	0.5665404667659755	0	0	0	0.9992410318023843	0	0.0013918954150502487	0	0	0.9725683780813261	0.967677500301458	0.9860505520258791	0.9999692121481767	0.32064125659565856	0.20746256930956689	0.14717584741947692	2.1748250509586855	1.763619669882472	1.4440662759013576	0.09219716696698006	0.032276286828961706	0.02684759347370012	1.172935752682998	0.9919565393799629	0.3708552378858643	-0.0777075525629411	-0.1922297430971162	-0.010133533462786615	-0.83823018984236	0.26655454634478626	-1.2225297374903086	0.05984873622994946	0.04830990953149872	0.005237472261530485	1.152009846805073	1.723277830770753e-4	0.26135343197864347	0.07522551091571221	600	1.5966527777777777	1.4931146807228932	80	79	0	0	0.295289102985243	0.17264331022102758	0.18960887987911557	0.5582174456980955	2.715213479529041	13.24043386083937	0.8626907941129305	15.79520949561842	0	0	0	0	0	0	0	0	0.5591946763589518	0.36189951196600145	0.5266847744207128	0.18137631526142559	0.8917785322221534	0.057899874031739226	0.03606253498639233	0.34514654502326886	0	0
105.27528852723593	115.28889467376557	216.907566034521	-0	-0	-0	0.021115273962490307	0.0507636631802947	0.024501624870534252	0.0752255109157123	0.28069299504192524	0.6748197860320796	0.3257089858517221	0	0	0	0	0	0	0	0	0	0	0	0	0	0	0	0.017003691799894728	0.20096147795066513	0	0	0	0.8653022195077783	0	0.8099518950047253	0	0	0	0.9995485896339547	0	0.002191964606932439	0	0	0.9958394878285953	0.9972383820951979	0.9983916651468472	0.9999977999554218	0.631197632970254	0.4445352514083504	0.3902707547962033	3.928377521130417	2.693376458683827	2.780414493700979	0.19646012040400332	0.05853958405885068	0.052020224730718996	2.058313291351778	1.285448651090028	0.6870006723985577	0.051297506566032394	-0.06932335677719098	0.01694546439198703	-0.07566510464325117	0.6707576102742796	-0.38850613520085026	0.21062050929070525	0.1772029358358305	0.1560260374025146	2.1803056256126054	0.19451014554804633	1.2160253195048594	0.0752255109157123	600	1.5966527777777777	1.4931146807228932	80	79	0	0	0.470780995200651	0.4398875931265031	0.2932633094984019	0.8537722327967344	4.7329717571721615	15.350510340026505	1.8618624812396107	17.63172592085689	0	0	0	0	0	0	0	0	0.84594788391587	0.6350506839824099	0.8326887996714739	0.30689172609332727	0.9642054399395832	0.1192876007310466	0.06425952628262958	0.41450296219275584	0	0
105.27528852723593	115.28889467376557	216.907566034521	-0	-0	-0	0.021115273962490307	0.0507636631802947	0.024501624870534252	0.0752255109157123	0.28069299504192524	0.6748197860320796	0.3257089858517221	0	0	0	0	0	0	0	0	0	0	0	0	0	0	0	0.017003691799894728	0.20096147795066513	0	0	0	0.8653022195077783	0	0.8099518950047253	0	0	0	0.9995485896339547	0	0.002191964606932439	0	0	0.9958394878285953	0.9972383820951979	0.9983916651468472	0.9999977999554218	0.631197632970254	0.4445352514083504	0.3902707547962033	3.928377521130417	2.693376458683827	2.780414493700979	0.19646012040400332	0.05853958405885068	0.052020224730718996	2.058313291351778	1.285448651090028	0.6870006723985577	0.051297506566032394	-0.06932335677719098	0.01694546439198703	-0.07566510464325117	0.6707576102742796	-0.38850613520085026	0.21062050929070525	0.1772029358358305	0.1560260374025146	2.1803056256126054	0.19451014554804633	1.2160253195048594	0.0752255109157123	600	1.5966527777777777	1.4931146807228932	80	79	0	0	0.470780995200651	0.4398875931265031	0.2932633094984019	0.8537722327967344	4.7329717571721615	15.350510340026505	1.8618624812396107	17.63172592085689	0	0	0	0	0	0	0	0	0.84594788391587	0.6350506839824099	0.8326887996714739	0.30689172609332727	0.9642054399395832	0.1192876007310466	0.06425952628262958	0.41450296219275584	0	0
213.74969666104016	292.7304990452272	507.8432216911986	-0	-0	-0	0.005268013840298677	0.029743716690970493	0.010118703344109057	0.0640965273638559	0.08218875588054583	0.4640456810105268	0.1578666389626437	0	0	0	0	0	0	0	0	0	0	0	0	0	0	0	0.0073860230560332035	0.18891061310014337	0	0	0	0.11867045653019724	0	0.4041568782274345	0	0	0	0.9983944847219013	0	3.600166834209265e-4	0	0	0.6258842441292879	0.7882666253477262	0.3348183822112256	0.999748607140918	0.0024162396250572596	7.729642436211616e-4	4.808315565086767e-4	0.1062759270140432	0.7905106028131202	0.010171401612506832	0.0015680233030232148	0.0015026702916847475	0.004392197803558757	0.028049643083571527	1.1789152219210084	0.0867803718079806	-0.5045278208847188	-0.47433536514181995	-0.42665397472053607	-3.4023695904316553	-0.07998651322423653	-2.018711266965381	-0.19887600003767444	-0.10341275481109061	-0.14277625009308484	-1.3041693821640332	-0.2189250689822527	-0.9955387574635223	0.0640965273638559	600	2.2709475	4.983555174640949	209	209	0	0	0.00316313361960065	0.0012815499189233453	0.0018858496187555928	0.46562138563294236	0.6628970824920468	27.77095619687828	0.5244990486716022	36.10982703285476	0	0	0	0	0	0	0	0	0.005785750831091367	0.002319015131011507	0.00284018219330545	0.01764704631773465	0.7142973778436359	0.013380733947151661	-0.029967832784316695	0.3069632034506859	0	0
213.74969666104016	292.7304990452272	507.8432216911986	-0	-0	-0	0.005268013840298677	0.029743716690970493	0.010118703344109057	0.0640965273638559	0.08218875588054583	0.4640456810105268	0.1578666389626437	0	0	0	0	0	0	0	0	0	0	0	0	0	0	0	0.0073860230560332035	0.18891061310014337	0	0	0	0.11867045653019724	0	0.4041568782274345	0	0	0	0.9983944847219013	0	3.600166834209265e-4	0	0	0.6258842441292879	0.7882666253477262	0.3348183822112256	0.999748607140918	0.0024162396250572596	7.729642436211616e-4	4.808315565086767e-4	0.1062759270140432	0.7905106028131202	0.010171401612506832	0.0015680233030232148	0.0015026702916847475	0.004392197803558757	0.028049643083571527	1.1789152219210084	0.0867803718079806	-0.5045278208847188	-0.47433536514181995	-0.42665397472053607	-3.4023695904316553	-0.07998651322423653	-2.018711266965381	-0.19887600003767444	-0.10341275481109061	-0.14277625009308484	-1.3041693821640332	-0.2189250689822527	-0.9955387574635223	0.0640965273638559	600	2.2709475	4.983555174640949	209	209	0	0	0.00316313361960065	0.0012815499189233453	0.0018858496187555928	0.46562138563294236	0.6628970824920468	27.77095619687828	0.5244990486716022	36.10982703285476	0	0	0	0	0	0	0	0	0.005785750831091367	0.002319015131011507	0.00284018219330545	0.01764704631773465	0.7142973778436359	0.013380733947151661	-0.029967832784316695	0.3069632034506859	0	0
215.5303001042428	295.4819305800941	512.0499557205437	-0	-0	-0	0.006786702926943392	0.037259630468295085	0.014214314755049647	0.06409652736385602	0.10588253694958207	0.5813049786111464	0.2217641944057185	0	0	0	0	0	0	0	0	0	0	0	0	0	0	0	0.007833839508103301	0.19167785128291712	0	0	0	0.26281452755850643	0	0.514393339649798	0	0	0	0.9989978397246702	0	6.013825362444958e-4	0	0	0.8535292914382462	0.8782120100671535	0.7040249125462679	0.9998921599463425	0.024397248054776027	0.00770489680170368	0.005290975965652773	1.1871188728799986	1.0131390697146876	0.09289375590053735	0.023401266523265206	0.008650303758217976	0.017167666961476293	0.27008679167598165	1.4673787170897996	0.49664319392298145	-0.2811249395036092	-0.03467712782504506	-0.01255827307299101	-2.444498023189494	0.07470373911399819	-0.12176319650447909	-0.07211586981997598	-0.008297345816057622	-0.004437340509685028	-0.7036377631487891	-0.06508540744260571	-0.16085356133802875	0.06409652736385602	600	2.2709475	4.983555174640949	209	209	0	0	0.029815980792923115	0.14329520514230587	0.11088701442794902	0.5550688399681796	1.4114354119606778	31.420252482139812	2.841497591210411	37.25653005232502	0	0	0	0	0	0	0	0	0.05123829167071839	0.25191655645287075	0.17266335986328696	0.03752015059464496	0.8397350909547616	0.07508773516603726	0.033947027314155165	0.35364701128193	0	0
216.77700699915908	297.82268483592827	514.8593227623795	-0	-0	-0	0.00802048770190773	0.039225447237210116	0.01628597894183799	0.06409652736385607	0.1251313921638519	0.6119746084610697	0.2540851994896315	0	0	0	0	0	0	0	0	0	0	0	0	0	0	0	0.008132719486716473	0.19400098294817128	0	0	0	0.37158805011353674	0	0.5633932321084314	0	0	0	0.9991723068455521	0	7.584169833860068e-4	0	0	0.9200090966167496	0.9263217844101472	0.8851076496336399	0.9999425471698224	0.050829189746962704	0.015036780930939355	0.010262229025060746	2.1237266480694306	1.1280864509688597	0.17065954882446144	0.045206502385972507	0.015340289686134403	0.024490945382311335	0.609851410556729	1.5770008732733412	0.6029244339524162	-0.14514132435386384	-0.005356820893617553	-4.927006420977209e-4	-1.8912484796792526	0.15214151795764375	-0.035108937806355156	-0.006492516960061923	-0.0018147725691270988	0.0012877025972752865	-0.38579644196159624	0.0030109821658763636	-0.09864100208036608	0.06409652736385607	600	2.2709475	4.983555174640949	209	209	0	0	0.07146971611633596	0.3127466660080059	0.17173960124685744	0.6007796589261011	1.9196946344037462	32.36436192432659	3.296730847820041	37.777852812510986	0	0	0	0	0	0	0	0	0.12312211087952066	0.5395984341627842	0.29116237262822453	0.0510699638720086	0.8585081096509782	0.08693449343976334	0.08387580095180827	0.3735588528503319	0	0
218.54682780805356	300.1994990759967	518.030525012244	-0	-0	-0	0.010812427941089161	0.0406654604477836	0.017208324833894333	0.06409652736385614	0.16868976192283203	0.634440930269722	0.268475150552354	0	0	0	0	0	0	0	0	0	0	0	0	0	0	0	0.008539060771142012	0.19633177712430147	0	0	0	0.4328405749887902	0	0.6182093539160416	0	0	0	0.9993472687382403	0	9.109770427544147e-4	0	0	0.9535533948624488	0.9629326363618513	0.9421294213149867	0.9999724998519921	0.08677333607749788	0.02524952096224711	0.015813671664405452	2.647726938511248	1.2474052350705829	0.25092723335284595	0.07799227022052994	0.021871879893916906	0.03148742413016549	1.0586973879130368	1.6757817196535099	0.6880906871443118	-0.00972837048514641	0.0032125634571504857	0.005581374771028602	-1.4280334358199682	0.26240811673174713	0.06084613195589461	0.030452564775236612	0.00394455805458116	0.005392140543792667	-0.03867235380163048	0.06717604740869887	-0.05016408072093803	0.06409652736385614	600	2.2709475	4.983555174640949	209	209	0	0	0.2732971417167406	0.3742223289037576	0.19858401514394902	0.6514974441784958	2.74523395140026	33.14108264760414	3.7362947303277902	38.37538168270349	0	0	0	0	0	0	0	0	0.4630481135334603	0.6269804819087528	0.34151294220805095	0.07209048530174077	0.873983366783656	0.09884748307294984	0.15441498246134325	0.38939274694372794	0	0
222.79134319106328	305.9816900090291	525.6979596041588	-0	-0	-0	0.02399705011023733	0.04269332392815515	0.01905156118941794	0.06409652736385625	0.37438923912388467	0.6660785799798226	0.2972323458534369	0	0	0	0	0	0	0	0	0	0	0	0	0	0	0	0.009442589824850595	0.20188968753113487	0	0	0	0.5761919857298107	0	0.7026736181988055	0	0	0	0.9996235527459147	0	0.001445615965236415	0	0	0.9965331231611679	0.9948032486733002	0.996344703268836	0.9999966324910209	0.19912915733804837	0.057022141898422384	0.03126820625298373	3.5973597054675386	1.693920297605624	0.4199481910888397	0.167737563945618	0.04050001985921391	0.045462501927859764	2.1195477224997976	1.9128906665224779	0.8347454882335323	0.05098963935976893	0.013744717738664277	0.01680424926321654	0.08306373176615907	0.5828062610883757	0.3122841983368882	0.14718191471521674	0.11975649095070255	0.0740677755774085	0.7540580824894734	0.25270779788916903	0.0323464761154762	0.06409652736385625	600	2.2709475	4.983555174640949	209	209	0	0	0.6850381334487189	0.4646902347924353	0.24059250231780507	0.7345669281649895	10.354119192047257	34.43698946352044	4.450935188734216	39.60297317019266	0	0	0	0	0	0	0	0	0.9893761664829998	0.7168961563795339	0.4783975685976083	0.270166985008602	0.8994879656655346	0.11848164681603099	0.2676152008063086	0.42206078917794815	0	0
222.79134319106328	305.9816900090291	525.6979596041588	-0	-0	-0	0.02399705011023733	0.04269332392815515	0.01905156118941794	0.06409652736385625	0.37438923912388467	0.6660785799798226	0.2972323458534369	0	0	0	0	0	0	0	0	0	0	0	0	0	0	0	0.009442589824850595	0.20188968753113487	0	0	0	0.5761919857298107	0	0.7026736181988055	0	0	0	0.9996235527459147	0	0.001445615965236415	0	0	0.9965331231611679	0.9948032486733002	0.996344703268836	0.9999966324910209	0.19912915733804837	0.057022141898422384	0.03126820625298373	3.5973597054675386	1.693920297605624	0.4199481910888397	0.167737563945618	0.04050001985921391	0.045462501927859764	2.1195477224997976	1.9128906665224779	0.8347454882335323	0.05098963935976893	0.013744717738664277	0.01680424926321654	0.08306373176615907	0.5828062610883757	0.3122841983368882	0.14718191471521674	0.11975649095070255	0.0740677755774085	0.7540580824894734	0.25270779788916903	0.0323464761154762	0.06409652736385625	600	2.2709475	4.983555174640949	209	209	0	0	0.6850381334487189	0.4646902347924353	0.24059250231780507	0.7345669281649895	10.354119192047257	34.43698946352044	4.450935188734216	39.60297317019266	0	0	0	0	0	0	0	0	0.9893761664829998	0.7168961563795339	0.4783975685976083	0.270166985008602	0.8994879656655346	0.11848164681603099	0.2676152008063086	0.42206078917794815	0	0
81.87466225100925	76.57853173573413	160.3815663460872	-0	-0	-0	0.002634669601474137	0.031960456456739846	0.014712537630220322	0.07289791003428599	0.03614190859840799	0.43842760981361295	0.20182386056473428	0	0	0	0	0	0	0	0	0	0	0	0	0	0	0	0.008092168025022493	0.04668352730789562	0	0	0	0.1008569536116127	0	0.5482533282976031	0	0	0	0.992850995024334	0	9.495164991633423e-5	0	0	0.7420591464444732	0.7867703344101675	0.3357590055239215	0.9994146662570254	0.00937678907803269	0.005708590140225566	0.005824921485979219	0.06816926704383279	0.031178018670463024	0.0140766072194611	0.005649455678046375	0.002388276477810633	0.003331706925305926	0.020365687709373432	0.008691456185135546	0.007566497754002421	-0.46904054029550046	-0.5345803734326978	-0.4416404054637758	-2.456013763113063	-3.503775510106554	-3.74234422554656	-0.18497380914778752	-0.161255826206311	-0.13843173429158548	-1.3495003743427814	-0.9547475464932601	-0.9776269595026886	0.07289791003428599	600	1.745775	1.0357337665037147	79	78	0	0	0.019440374541082786	0.004423726433577511	0.031563509400785526	0.6639879898497637	0.21735012202106757	0.018970765314200295	0.016241916155491105	1.5199094736870178	0	0	0	0	0	0	0	0	0.02086849866862671	0.005401719229861549	0.031401874697663486	0.07022698723432613	0.008334500496394552	0.005601966779284047	-0.010004810826341083	0.23849551563499272	0	0
81.87466225100925	76.57853173573413	160.3815663460872	-0	-0	-0	0.002634669601474137	0.031960456456739846	0.014712537630220322	0.07289791003428599	0.03614190859840799	0.43842760981361295	0.20182386056473428	0	0	0	0	0	0	0	0	0	0	0	0	0	0	0	0.008092168025022493	0.04668352730789562	0	0	0	0.1008569536116127	0	0.5482533282976031	0	0	0	0.992850995024334	0	9.495164991633423e-5	0	0	0.7420591464444732	0.7867703344101675	0.3357590055239215	0.9994146662570254	0.00937678907803269	0.005708590140225566	0.005824921485979219	0.06816926704383279	0.031178018670463024	0.0140766072194611	0.005649455678046375	0.002388276477810633	0.003331706925305926	0.020365687709373432	0.008691456185135546	0.007566497754002421	-0.46904054029550046	-0.5345803734326978	-0.4416404054637758	-2.456013763113063	-3.503775510106554	-3.74234422554656	-0.18497380914778752	-0.161255826206311	-0.13843173429158548	-1.3495003743427814	-0.9547475464932601	-0.9776269595026886	0.07289791003428599	600	1.745775	1.0357337665037147	79	78	0	0	0.019440374541082786	0.004423726433577511	0.031563509400785526	0.6639879898497637	0.21735012202106757	0.018970765314200295	0.016241916155491105	1.5199094736870178	0	0	0	0	0	0	0	0	0.02086849866862671	0.005401719229861549	0.031401874697663486	0.07022698723432613	0.008334500496394552	0.005601966779284047	-0.010004810826341083	0.23849551563499272	0	0
84.08288001605229	77.98962064105747	163.36172707945033	-0	-0	-0	0.005258335214740875	0.03997089693608685	0.01724893582757142	0.07289791003428608	0.07213286652892671	0.548313345571736	0.23661770028055318	0	0	0	0	0	0	0	0	0	0	0	0	0	0	0	0.009372560012674202	0.0602212584094278	0	0	0	0.10729484658003538	0	0.72160569129802	0	0	0	0.99893656767359	0	1.648567881903393e-4	0	0	0.8392180680012185	0.8811441606752914	0.46238077558037055	0.9999277403031505	0.10102107414307118	0.04444314557481416	0.04506641604967406	0.6019071521553544	0.31127970163266183	0.32970772038959734	0.06117601921172815	0.01519376487060103	0.025596982817424282	0.2478495757974513	0.08735753916752756	0.05864999125713808	-0.19301599344429077	-0.2935645850345851	-0.07483561469211852	-1.0680254967367926	-2.3009404900726107	-2.299493359484476	-0.06317156222685577	-0.06305261509569748	-0.018958745959537338	-0.44676109470857894	-0.29598348650039497	-0.31017730000621413	0.07289791003428608	600	1.745775	1.0357337665037147	79	78	0	0	0.1421892057810472	0.10624889036457205	0.201037065064311	0.796682511140723	1.1845397986189783	0.33903200560515956	0.15933505542283521	2.7384749186862285	0	0	0	0	0	0	0	0	0.1584523791517141	0.12094159068189844	0.217125383662259	0.3438924659085219	0.11867404004688274	0.05213415630409597	0.1656440097737724	0.40933511333198347	0	0
85.72948140873035	79.2119473127456	165.53143676711227	-0	-0	-0	0.008126502846160993	0.04393218547061953	0.019018301013387244	0.07289791003428614	0.11147785776490511	0.602653566473399	0.2608895235054383	0	0	0	0	0	0	0	0	0	0	0	0	0	0	0	0.010223468824051365	0.06985907714112204	0	0	0	0.12067541834157702	0	0.7683703894492913	0	0	0	0.9996208603989811	0	3.300919616021972e-4	0	0	0.8964583654502414	0.9300589229036225	0.5946053971107238	0.9999743197649428	0.2123810705159282	0.10739990794004806	0.08928934936709984	1.250671605341358	0.7076247128989703	0.7693868132740735	0.11944340943159554	0.029967782946654028	0.03914287727878573	0.531761391141446	0.18387048534022302	0.12084105462860276	-0.08435063017471256	-0.1458884645614551	-0.030252148097966614	-0.511669709069108	-1.6437422511791135	-1.7137576240052086	-0.005476956776054531	-0.01938583806105143	-0.006558635829601256	-0.1432472159993885	-0.006960033824755962	0.026549047600137765	0.07289791003428614	600	1.745775	1.0357337665037147	79	78	0	0	0.3308566727216198	0.25117561157950213	0.27342713752059	0.8952814546482828	1.7499370231696074	0.9398031420142994	0.4723930227160743	3.4807507444741113	0	0	0	0	0	0	0	0	0.36655500079019254	0.2821463606453493	0.305926385283841	0.5045643094018271	0.26698368260151373	0.1417966788694932	0.2534387132292971	0.5192912545874508	0	0
87.78036543771552	81.03042733258889	167.74777507087606	-0	-0	-0	0.012106062042791146	0.04722751581986803	0.022454688175068502	0.07289791003428618	0.16606871221818714	0.6478582965911568	0.30802924479600857	0	0	0	0	0	0	0	0	0	0	0	0	0	0	0	0.011193202004156806	0.08213036257899323	0	0	0	0.14702531664635168	0	0.8157632037367526	0	0	0	0.9998212825574315	0	9.316910928316706e-4	0	0	0.9414905668992781	0.9666570659468345	0.7286421689625352	0.9999898717128564	0.3492501744533443	0.2008425044976548	0.15360379901638094	2.1668536234528775	1.3690049133200055	1.4427129338294473	0.19900307667124398	0.04394388091971238	0.051401503242406374	1.0642606707221807	0.30137414163261056	0.21412056298542292	0.00968382535255341	-0.054638735427349205	-0.004358430232603683	-0.0038730573662485446	-1.0799813133974925	-1.092240508966991	0.04903870385215747	0.006588446222292155	0.004457802077445505	0.1853638937659503	0.38975781522453823	0.43209275411545867	0.07289791003428618	600	1.745775	1.0357337665037147	79	78	0	0	0.5472700921910505	0.4333383761004061	0.33924498575057405	0.9978633781562991	2.2560482381978577	1.8145232536551679	1.002148611999203	4.367644589805394	0	0	0	0	0	0	0	0	0.6084751096345269	0.46579680222957454	0.38691914813874995	0.6893943079742537	0.45356786137157057	0.28727744170077585	0.33677612783822725	0.6276646268294307	0	0
91.3441115450557	84.60242067377119	172.35108657960384	-0	-0	-0	0.019270693026190867	0.05120424902203208	0.03392522313432909	0.07289791003428629	0.26435179029312733	0.7024103845768563	0.46537991443613413	0	0	0	0	0	0	0	0	0	0	0	0	0	0	0	0.012703398594399002	0.10202440691448232	0	0	0	0.3495991976691139	0	0.8727698060255461	0	0	0	0.9998958481908066	0	0.006408111573842518	0	0	0.9882403854420809	0.9976261929289588	0.9720907258176534	0.9999992814587265	0.6522490598425443	0.4550269226099195	0.33658602315437613	4.34933901125578	2.701929501715129	3.255044183199662	0.40635993130582804	0.08657864834572371	0.07704455369616314	2.552492608572855	0.6187517868087783	0.45857031387660374	0.1451264418574658	0.01002594463164294	0.024624539756485184	0.8996125249830136	-0.1732797442601514	-0.2501673382467334	0.2191901395984158	0.12960516674098327	0.04791269991096316	1.2507377552445536	1.4474309422770768	1.1895497947533222	0.07289791003428629	600	1.745775	1.0357337665037147	79	78	0	0	0.88278340681954	0.691205401232697	0.4917042281256567	1.293939348823217	3.2576617607574065	3.732976713315878	2.2576493555231267	6.3243853001919845	0	0	0	0	0	0	0	0	0.9148901935239262	0.6518012868397153	0.602246806101202	0.9195623605113175	0.7683714330149578	0.5775503728729939	0.4691312314968538	0.7835844567872118	0	0
91.3441115450557	84.60242067377119	172.35108657960384	-0	-0	-0	0.019270693026190867	0.05120424902203208	0.03392522313432909	0.07289791003428629	0.26435179029312733	0.7024103845768563	0.46537991443613413	0	0	0	0	0	0	0	0	0	0	0	0	0	0	0	0.012703398594399002	0.10202440691448232	0	0	0	0.3495991976691139	0	0.8727698060255461	0	0	0	0.9998958481908066	0	0.006408111573842518	0	0	0.9882403854420809	0.9976261929289588	0.9720907258176534	0.9999992814587265	0.6522490598425443	0.4550269226099195	0.33658602315437613	4.34933901125578	2.701929501715129	3.255044183199662	0.40635993130582804	0.08657864834572371	0.07704455369616314	2.552492608572855	0.6187517868087783	0.45857031387660374	0.1451264418574658	0.01002594463164294	0.024624539756485184	0.8996125249830136	-0.1732797442601514	-0.2501673382467334	0.2191901395984158	0.12960516674098327	0.04791269991096316	1.2507377552445536	1.4474309422770768	1.1895497947533222	0.07289791003428629	600	1.745775	1.0357337665037147	79	78	0	0	0.88278340681954	0.691205401232697	0.4917042281256567	1.293939348823217	3.2576617607574065	3.732976713315878	2.2576493555231267	6.3243853001919845	0	0	0	0	0	0	0	0	0.9148901935239262	0.6518012868397153	0.602246806101202	0.9195623605113175	0.7683714330149578	0.5775503728729939	0.4691312314968538	0.7835844567872118	0	0
208.52908421578402	204.58166699759698	415.14539410497093	-0	-0	-0	0.002379976126470416	0.04559510635743146	0.01675199768079349	0.08726502431177348	0.027272966978928795	0.5224900436002029	0.19196691701985016	0	0	0	0	0	0	0	0	0	0	0	0	0	0	0	0.005879636239667235	0.04411388818219939	0	0	0	0.1005970898753118	0	0.6468066605185088	0	0	0	0.9960814619869894	0	1.01217836838586e-4	0	0	0.7850007427003647	0.7831131212559519	0.39866909582637355	0.9996205587307689	0.005427086363333491	0.004750368698037703	0.01129239808564096	0.08686566040131034	0.011941090799969866	0.007275422711232183	0.004756432954836561	0.007366266332796911	0.027226241925985314	0.024139285051344668	0.006742065075597541	0.006064553338083763	-0.4229497549107174	-0.017206357437553298	-0.011670467738904927	-2.17012191716988	-2.9788919367386275	-3.3349255200787864	-0.21233272082050084	-0.016058029879208596	-0.013509139870084733	-1.3265751106444	-0.9313169301023836	-1.0182889232420886	0.08726502431177348	600	3.3438083333333335	1.0790004688373454	209	209	0	0	0.012257779925798571	0.6932452161285173	0.44369932477552804	1.7382312922532208	0.13549427232410108	0.011739952576013736	0.006666292030739238	2.4142762909184254	0	0	0	0	0	0	0	0	0.006576258367202313	0.36357096794613714	0.2242067005694271	0.0406894646687903	0.0026141960346713795	0.0012513474009008545	0.10820197380026096	0.10690970933527631	0	0
208.52908421578402	204.58166699759698	415.14539410497093	-0	-0	-0	0.002379976126470416	0.04559510635743146	0.01675199768079349	0.08726502431177348	0.027272966978928795	0.5224900436002029	0.19196691701985016	0	0	0	0	0	0	0	0	0	0	0	0	0	0	0	0.005879636239667235	0.04411388818219939	0	0	0	0.1005970898753118	0	0.6468066605185088	0	0	0	0.9960814619869894	0	1.01217836838586e-4	0	0	0.7850007427003647	0.7831131212559519	0.39866909582637355	0.9996205587307689	0.005427086363333491	0.004750368698037703	0.01129239808564096	0.08686566040131034	0.011941090799969866	0.007275422711232183	0.004756432954836561	0.007366266332796911	0.027226241925985314	0.024139285051344668	0.006742065075597541	0.006064553338083763	-0.4229497549107174	-0.017206357437553298	-0.011670467738904927	-2.17012191716988	-2.9788919367386275	-3.3349255200787864	-0.21233272082050084	-0.016058029879208596	-0.013509139870084733	-1.3265751106444	-0.9313169301023836	-1.0182889232420886	0.08726502431177348	600	3.3438083333333335	1.0790004688373454	209	209	0	0	0.012257779925798571	0.6932452161285173	0.44369932477552804	1.7382312922532208	0.13549427232410108	0.011739952576013736	0.006666292030739238	2.4142762909184254	0	0	0	0	0	0	0	0	0.006576258367202313	0.36357096794613714	0.2242067005694271	0.0406894646687903	0.0026141960346713795	0.0012513474009008545	0.10820197380026096	0.10690970933527631	0	0
210.3823412400739	206.8873778487461	418.2600842655148	-0	-0	-0	0.004600777907479721	0.05385060997807347	0.01933180770887339	0.08726502431177366	0.05272190025459022	0.6170927058437548	0.22152984957416857	0	0	0	0	0	0	0	0	0	0	0	0	0	0	0	0.006454760832826611	0.053184658210716586	0	0	0	0.10817538293273554	0	0.7690401365829804	0	0	0	0.9991190258951507	0	2.1110213957058134e-4	0	0	0.8884902966131668	0.8786604452394777	0.5578908708712488	0.9999266293933133	0.03911955143754359	0.020765838031439155	0.030668344371228947	0.4116477672704928	0.08660977530434757	0.04997768512907129	0.0342753012616127	0.02120479285758956	0.04417645651001147	0.22111450906297125	0.0422865031446137	0.05531905010756365	-0.1908199166823214	-0.0036914457729166905	0.0013417140943497996	-0.6391229671875603	-1.77466623209963	-1.7660247118256125	-0.06764079155956687	-0.0059105305092401195	-0.004171335518294572	-0.28755150812915287	-0.2507065003296862	-0.13448055825462324	0.08726502431177366	600	3.3438083333333335	1.0790004688373454	209	209	0	0	0.10625783639924788	0.9264686723861969	0.5536599885890198	1.8381564932618348	1.523279284052771	0.16223530462813743	0.058556263821434036	3.8626484917381996	0	0	0	0	0	0	0	0	0.05464357092440352	0.4911167143075442	0.2871021570775765	0.35156466229069044	0.03930855061735122	0.012090426161350048	0.23100493444509754	0.27349113150109794	0	0
211.72525963404917	208.2590683149905	420.21081278375095	-0	-0	-0	0.006973226712234029	0.057851512064302724	0.021418350942554284	0.08726502431177376	0.0799086090587752	0.6629404222431117	0.24544026786759904	0	0	0	0	0	0	0	0	0	0	0	0	0	0	0	0.0068413661316746	0.05791075919383886	0	0	0	0.11850880038035905	0	0.8096743258254058	0	0	0	0.9995622937753387	0	3.998132997879414e-4	0	0	0.9315732467267329	0.9250224138208464	0.6794545694078707	0.999968323958242	0.09342531074023122	0.029642770347638625	0.038421585500369095	0.7631011451910559	0.17768202136231603	0.10523615356792125	0.07058681699750442	0.029182044446935788	0.05113922218854619	0.4978822167051811	0.08857205173863053	0.11124496744928625	-0.09577952898899611	0.003827080037665187	0.007595185067507337	-0.05608802951500258	-1.1002420400795443	-1.0288464961780783	-0.001007815175953386	-0.0011379720712361152	2.1061477725603517e-4	-0.03568824175111418	-0.026827349234099795	0.008249733171829199	0.08726502431177376	600	3.3438083333333335	1.0790004688373454	209	209	0	0	0.19461078810499718	1.0519302254872167	0.606864854917011	1.905388795786548	3.333286471444655	0.4059101381112164	0.16362189893553572	4.5994730937633275	0	0	0	0	0	0	0	0	0.10308504212042531	0.5525504102033608	0.32201576777576546	0.7788383842963267	0.10089398609295139	0.033168699903880036	0.2979685280308263	0.39683647685271417	0	0
213.3706133873074	209.87972006490702	422.5682221683585	-0	-0	-0	0.01041294100530103	0.0605169072267558	0.02417690453864013	0.08726502431177385	0.11932548105525612	0.6934841043594471	0.27705148459321727	0	0	0	0	0	0	0	0	0	0	0	0	0	0	0	0.007287132425042405	0.06303969253903734	0	0	0	0.1406141926340592	0	0.8414966436046709	0	0	0	0.9997666449189372	0	8.020438716850303e-4	0	0	0.9671539002322578	0.9599924127902002	0.8293380187229995	0.9999868093227019	0.15919942230816153	0.0384109622356815	0.04567767064957542	1.281049067144722	0.298807952108693	0.17091234552519913	0.12233519781977359	0.0370996800796551	0.05850466992039017	0.8961773682105898	0.1632666150205292	0.18607181674976844	-0.02678375133479083	0.011390610264284118	0.01588525035761179	0.32449087654012465	-0.3704833499221717	-0.1373306438842803	0.06790435134055561	0.004014829500635475	0.004759245488130781	0.22768851946795987	0.17996445357368507	0.25752385715516235	0.08726502431177385	600	3.3438083333333335	1.0790004688373454	209	209	0	0	0.33012326388020524	1.1596284534193608	0.6818254245688006	1.976080669260321	4.300359874724283	1.2053676139721343	0.7293569164434858	5.278064259187175	0	0	0	0	0	0	0	0	0.17009284922415924	0.6084958252095805	0.363402077448172	0.9226162125507986	0.27930299431121863	0.17538775521520678	0.3546624981484042	0.5071263389347511	0	0
217.41475350037217	214.08361570807608	427.71541826791963	-0	-0	-0	0.01936452657007446	0.06397331662108585	0.03574696961189853	0.08726502431177402	0.2219047862851715	0.7330922912772793	0.40963684928551003	0	0	0	0	0	0	0	0	0	0	0	0	0	0	0	0.00828144070621094	0.0747204679452554	0	0	0	0.2671050163168807	0	0.8866652906782737	0	0	0	0.9998864227387956	0	0.0036396255866643955	0	0	0.9981985656261488	0.9919836326796412	0.9897929545009171	0.9999980078559927	0.3355954511340701	0.05721412405931654	0.057884698293707036	2.5736633390799923	0.5624023863537085	0.3151783537041734	0.25139800920479277	0.0512448225650313	0.07213996438299979	1.9873473814456986	0.3458829056660883	0.39135936524325526	0.09006690959377296	0.024169981776470457	0.029936597978024067	1.041767107620851	0.09557428676563245	0.08433978314559942	0.22109313307851994	0.013761498241348945	0.014222992284063235	1.074960001139142	1.0000999964264676	0.9712866928201827	0.08726502431177402	600	3.3438083333333335	1.0790004688373454	209	209	0	0	0.679208235704602	1.349610521502111	0.9367467340150644	2.093044271767746	5.423407259972814	4.924195982092839	2.0849327671636257	6.687963473206941	0	0	0	0	0	0	0	0	0.3614411335684204	0.6821166124710073	0.4837006636641939	0.9827163112092508	0.8874487748264553	0.6558516687613939	0.47238021131715946	0.6767992482103669	0	0
217.41475350037217	214.08361570807608	427.71541826791963	-0	-0	-0	0.01936452657007446	0.06397331662108585	0.03574696961189853	0.08726502431177402	0.2219047862851715	0.7330922912772793	0.40963684928551003	0	0	0	0	0	0	0	0	0	0	0	0	0	0	0	0.00828144070621094	0.0747204679452554	0	0	0	0.2671050163168807	0	0.8866652906782737	0	0	0	0.9998864227387956	0	0.0036396255866643955	0	0	0.9981985656261488	0.9919836326796412	0.9897929545009171	0.9999980078559927	0.3355954511340701	0.05721412405931654	0.057884698293707036	2.5736633390799923	0.5624023863537085	0.3151783537041734	0.25139800920479277	0.0512448225650313	0.07213996438299979	1.9873473814456986	0.3458829056660883	0.39135936524325526	0.09006690959377296	0.024169981776470457	0.029936597978024067	1.041767107620851	0.09557428676563245	0.08433978314559942	0.22109313307851994	0.013761498241348945	0.014222992284063235	1.074960001139142	1.0000999964264676	0.9712866928201827	0.08726502431177402	600	3.3438083333333335	1.0790004688373454	209	209	0	0	0.679208235704602	1.349610521502111	0.9367467340150644	2.093044271767746	5.423407259972814	4.924195982092839	2.0849327671636257	6.687963473206941	0	0	0	0	0	0	0	0	0.3614411335684204	0.6821166124710073	0.4837006636641939	0.9827163112092508	0.8874487748264553	0.6558516687613939	0.47238021131715946	0.6767992482103669	0	0
