253.4536258812911	237.18990753467145	491.945941244853	-0	-0	-0	0.5622500987182054	0.9977458683652819	2.3235157259832264	4.371962914765455	0.12860358371735361	0.22821462300047982	0.5314582422773978	0	0	0	0	0	0	0	0	0	0	0	0	0	0	0	0.019048182026956375	0.17045528623876854	0	0	0	0.8861997122865958	0	0.048395054835042396	0	0	0	0.9974014132668022	0	2.725986418134809e-4	0	0	0.932510935312192	0.7718045105056466	0.9936747029884407	0.9995556995957989	0.11859525079319111	0.023157294869953663	0.04176472261814493	0.7015114632188832	1.0193818384231565	0.3346921610839043	0.18143401930383435	0.008250768713843965	0.029724827363185463	1.3279562718672286	1.1869344131013793	0.43242587843363794	4.371962914765455	600	0.055468611111111114	1.0160464290195943	180	180	0	0	51.54257375004988	16.18610644360022	47.299651653080126	134.38372033714316	356.8114974204367	671.9356298940088	492.9769946015084	1781.155132188172	0	0	0	0	0	0	0	0	0.36928657623519906	0.11913973547337936	0.32726691926301793	0.19610037430264304	0.3643140158158318	0.26499743933412373	-0.020424258341045984	0.06123507240035359	0	0
253.4536258812911	237.18990753467145	491.945941244853	-0	-0	-0	0.5622500987182054	0.9977458683652819	2.3235157259832264	4.371962914765455	0.12860358371735361	0.22821462300047982	0.5314582422773978	0	0	0	0	0	0	0	0	0	0	0	0	0	0	0	0.019048182026956375	0.17045528623876854	0	0	0	0.8861997122865958	0	0.048395054835042396	0	0	0	0.9974014132668022	0	2.725986418134809e-4	0	0	0.932510935312192	0.7718045105056466	0.9936747029884407	0.9995556995957989	0.11859525079319111	0.023157294869953663	0.04176472261814493	0.7015114632188832	1.0193818384231565	0.3346921610839043	0.18143401930383435	0.008250768713843965	0.029724827363185463	1.3279562718672286	1.1869344131013793	0.43242587843363794	4.371962914765455	600	0.055468611111111114	1.0160464290195943	180	180	0	0	51.54257375004988	16.18610644360022	47.299651653080126	134.38372033714316	356.8114974204367	671.9356298940088	492.9769946015084	1781.155132188172	0	0	0	0	0	0	0	0	0.36928657623519906	0.11913973547337936	0.32726691926301793	0.19610037430264304	0.3643140158158318	0.26499743933412373	-0.020424258341045984	0.06123507240035359	0	0
254.79715842228975	238.6779863213182	494.3081217546398	-0	-0	-0	0.6148267570424216	1.113061070953734	2.4697077138545427	4.371962914765462	0.1406294538697849	0.2545906936206125	0.5648967665104331	0	0	0	0	0	0	0	0	0	0	0	0	0	0	0	0.019204283239725575	0.172384375665794	0	0	0	0.913658258203922	0	0.06486332686195732	0	0	0	0.9986886754924659	0	5.923822001956381e-4	0	0	0.9664632968815619	0.8870518453126169	0.9971832564624991	0.9998767349663993	0.15088746253046514	0.040964346628810655	0.048374162242585395	1.0733503547538117	1.224975094785111	0.4149346512188402	0.21259645146445738	0.03076362407370381	0.03677795228193442	1.6210718525232406	1.4098929015233264	0.5183355284081717	4.371962914765462	600	0.055468611111111114	1.0160464290195943	180	180	0	0	57.40355665273609	22.73295094130592	52.71824797156023	139.15133542424098	426.27363417860374	753.7734642770507	571.6870603751456	1836.8641778139033	0	0	0	0	0	0	0	0	0.4054828345390187	0.16032280156462386	0.37130953100061925	0.23024724219095205	0.4053275702044369	0.305698877871064	-0.011319140907747396	0.09046472424938003	0	0
255.91806086903176	239.81096983763553	496.12602257734045	-0	-0	-0	0.6426578348263876	1.1831449601997241	2.543111162801022	4.371962914765465	0.14699526216380593	0.2706209963958935	0.5816863528764514	0	0	0	0	0	0	0	0	0	0	0	0	0	0	0	0.019333553299902342	0.17383877937543774	0	0	0	0.92382840118282	0	0.07408088409439602	0	0	0	0.9990416186490181	0	8.751927810554119e-4	0	0	0.9790139143846597	0.9331643123075719	0.998304911416819	0.9999429203263602	0.1668492479789151	0.05216762729648727	0.052021913281213195	1.2358466605405012	1.3342307552278114	0.45380451174829495	0.22850110853687255	0.04276248893901957	0.040442397654807616	1.772047301588119	1.512104412280858	0.5571902973200671	4.371962914765465	600	0.055468611111111114	1.0160464290195943	180	180	0	0	59.897085174646506	26.27556233804414	55.774412615187245	141.869301886445	456.42107723131915	798.0285534112074	610.5004667123015	1861.0587042680272	0	0	0	0	0	0	0	0	0.4230508903163505	0.18490317729310324	0.39212962448509947	0.24453372082274025	0.42743563862698575	0.3283260126739228	-0.00582329749257582	0.10531601341861085	0	0
257.4267263039451	241.1366689330106	498.05690686092805	-0	-0	-0	0.673058387359538	1.265306048386984	2.6063350572137645	4.3719629147654695	0.15394878695938002	0.28941371943335936	0.5961475675860307	0	0	0	0	0	0	0	0	0	0	0	0	0	0	0	0.019506190368604674	0.17552527099346496	0	0	0	0.9337872359843324	0	0.08466319662019707	0	0	0	0.9993496922473943	0	0.001189498382533216	0	0	0.990197699305744	0.9698206776685131	0.9992580165314248	0.9999757025664904	0.18333425413822385	0.061603327104943706	0.0558179911455009	1.3900071424292078	1.4319242024134773	0.4928812313725971	0.24466488383034063	0.053439932582888205	0.04395836920476137	1.938453528042544	1.6180624740689042	0.6015580393543443	4.3719629147654695	600	0.055468611111111114	1.0160464290195943	180	180	0	0	62.74945603369894	30.099339556628298	58.31809943431264	144.64944367882532	484.78728206724884	843.3274989397735	647.3870027331627	1888.1546255893559	0	0	0	0	0	0	0	0	0.4396146438642122	0.2131096885687453	0.4119960071252353	0.25943546669907686	0.4518194200314323	0.34775946706199456	8.01530798846506e-4	0.12140152919802233	0	0
260.9786026607783	245.30495052483514	503.14488507073264	-0	-0	-0	0.7309970464643116	1.4213325060336865	2.7231291586018873	4.371962914765476	0.16720110868175705	0.3251016840132397	0.6228619070406647	0	0	0	0	0	0	0	0	0	0	0	0	0	0	0	0.01990672188240289	0.18072545589528696	0	0	0	0.9511877546823254	0	0.1114155786972409	0	0	0	0.9997125165077881	0	0.00234184258557954	0	0	0.9991248330101647	0.9972072072989521	0.9999341175995132	0.9999982239385864	0.21824333501383267	0.08229448876089061	0.06234743212075069	1.7427987795167712	1.6477557872265207	0.5658178905812471	0.2782576054249828	0.07247730040104164	0.0512405512953605	2.2317249675928292	1.8232132372274654	0.6662395179517582	4.371962914765476	600	0.055468611111111114	1.0160464290195943	180	180	0	0	67.5993331017523	36.74495635419919	63.386771396640526	150.17540518304753	538.9633129253422	935.5890647001739	728.4325116056865	1936.8447388045274	0	0	0	0	0	0	0	0	0.4672878617186932	0.2581973797595535	0.4480934762296249	0.28567736176043185	0.5022501640081365	0.39043253060339	0.01156845200564458	0.15303727701239664	0	0
260.9786026607783	245.30495052483514	503.14488507073264	-0	-0	-0	0.7309970464643116	1.4213325060336865	2.7231291586018873	4.371962914765476	0.16720110868175705	0.3251016840132397	0.6228619070406647	0	0	0	0	0	0	0	0	0	0	0	0	0	0	0	0.01990672188240289	0.18072545589528696	0	0	0	0.9511877546823254	0	0.1114155786972409	0	0	0	0.9997125165077881	0	0.00234184258557954	0	0	0.9991248330101647	0.9972072072989521	0.9999341175995132	0.9999982239385864	0.21824333501383267	0.08229448876089061	0.06234743212075069	1.7427987795167712	1.6477557872265207	0.5658178905812471	0.2782576054249828	0.07247730040104164	0.0512405512953605	2.2317249675928292	1.8232132372274654	0.6662395179517582	4.371962914765476	600	0.055468611111111114	1.0160464290195943	180	180	0	0	67.5993331017523	36.74495635419919	63.386771396640526	150.17540518304753	538.9633129253422	935.5890647001739	728.4325116056865	1936.8447388045274	0	0	0	0	0	0	0	0	0.4672878617186932	0.2581973797595535	0.4480934762296249	0.28567736176043185	0.5022501640081365	0.39043253060339	0.01156845200564458	0.15303727701239664	0	0
157.962246571529	294.0934031219606	453.15726628997277	-0	-0	-0	0.04014925348089224	0.21977980487790186	0.6419997337769728	1.0156328965139596	0.03953126530136987	0.21639689461838954	0.632117900060701	0	0	0	0	0	0	0	0	0	0	0	0	0	0	0	0.02321969185845665	0.2331210996824917	0	0	0	0.531330360343304	0	0.026682889345702596	0	0	0	0.9994448127817503	0	1.0263441094434047e-4	0	0	0.948798720015276	0.7721940275514925	0.9908103209917991	0.9998911356182825	0.3566021172020565	0.0822519642790547	0.15489073187942198	2.192201341485312	2.392489924274345	0.23676714819847414	0.1811372747522778	0.11099136364374705	0.12749948526530222	1.2819798210923958	2.189738441504802	0.378440706052302	1.0156328965139596	600	0.0939913888888889	1.0237497955994637	97	180	0	0	10.515516809157685	13.111314480470687	45.34783438992717	81.04523916267976	60.15291422394009	285.51752352159446	113.4320136438666	587.9755694011064	0	0	0	0	0	0	0	0	0.1255215200103118	0.15676420127335666	0.5355065464423469	0.09833091229174691	0.47426509302388864	0.18749999738470785	-0.006644563173108833	0.09422339932680436	0	0
157.962246571529	294.0934031219606	453.15726628997277	-0	-0	-0	0.04014925348089224	0.21977980487790186	0.6419997337769728	1.0156328965139596	0.03953126530136987	0.21639689461838954	0.632117900060701	0	0	0	0	0	0	0	0	0	0	0	0	0	0	0	0.02321969185845665	0.2331210996824917	0	0	0	0.531330360343304	0	0.026682889345702596	0	0	0	0.9994448127817503	0	1.0263441094434047e-4	0	0	0.948798720015276	0.7721940275514925	0.9908103209917991	0.9998911356182825	0.3566021172020565	0.0822519642790547	0.15489073187942198	2.192201341485312	2.392489924274345	0.23676714819847414	0.1811372747522778	0.11099136364374705	0.12749948526530222	1.2819798210923958	2.189738441504802	0.378440706052302	1.0156328965139596	600	0.0939913888888889	1.0237497955994637	97	180	0	0	10.515516809157685	13.111314480470687	45.34783438992717	81.04523916267976	60.15291422394009	285.51752352159446	113.4320136438666	587.9755694011064	0	0	0	0	0	0	0	0	0.1255215200103118	0.15676420127335666	0.5355065464423469	0.09833091229174691	0.47426509302388864	0.18749999738470785	-0.006644563173108833	0.09422339932680436	0	0
159.31649021094134	295.5227873630878	455.4128119434166	-0	-0	-0	0.06657648383442509	0.24520942031103043	0.6550631129621163	1.0156328965139616	0.06555172057043543	0.24143509052599796	0.6449802041766678	0	0	0	0	0	0	0	0	0	0	0	0	0	0	0	0.023458966605975577	0.2344796984856016	0	0	0	0.7602179886610703	0	0.0482337770828296	0	0	0	0.9996994158351042	0	1.6429816965939662e-4	0	0	0.9785501648241066	0.856992350317633	0.9973757207870522	0.9999616166993617	0.47080828507819056	0.12277352666626429	0.16495791665630505	2.9540370566192973	2.685375980399254	0.3507437112130475	0.23790825395220616	0.13713589465057646	0.13627778724468242	2.147624643729595	2.430564380654878	0.4849095342874987	1.0156328965139616	600	0.0939913888888889	1.0237497955994637	97	180	0	0	14.022843954125698	15.96376980518115	47.72109952079934	82.92350097777779	95.15167185930821	318.1138356595014	135.63097273172582	600.9752494147838	0	0	0	0	0	0	0	0	0.16647036282596261	0.1899333229225325	0.5658804130974665	0.15592159034883069	0.5255890306816547	0.2226874714386916	0.03629056753879349	0.12744866394528587	0	0
160.3043633989871	296.50631586021154	457.12657134051386	-0	-0	-0	0.09454861759303368	0.26193687808073846	0.661963974819197	1.0156328965139625	0.09309329967310062	0.25790507473694974	0.651774846099717	0	0	0	0	0	0	0	0	0	0	0	0	0	0	0	0.023631980915860048	0.23540996744606071	0	0	0	0.9144704237066319	0	0.08440190451141907	0	0	0	0.9997684768237287	0	2.092423375641059e-4	0	0	0.9888838082434246	0.9126396885614432	0.9987292074898486	0.9999807366710938	0.5305881928159588	0.14500552996482075	0.1702540134005356	3.3068853495551536	2.832949478774787	0.4068507533529109	0.27221204922207676	0.15290582452567913	0.14006563167385488	2.4416831531790804	2.5856651625848657	0.5372390485695093	1.0156328965139625	600	0.0939913888888889	1.0237497955994637	97	180	0	0	16.64769169513285	18.460738150204755	48.813239919545275	84.01949576842276	121.32901858024348	338.6668787499924	146.91225382220068	607.6200928132628	0	0	0	0	0	0	0	0	0.19912898934659062	0.21870382298844426	0.5817920403189243	0.20088106687238694	0.5579229006311046	0.2423517625027039	0.05659255272838534	0.14325218010375834	0	0
161.56882311688386	297.74879618116125	458.96411751706194	-0	-0	-0	0.10763823766151263	0.2886346570799182	0.6695814408253931	1.0156328965139636	0.10598144076562305	0.2841919142936605	0.6592750620068049	0	0	0	0	0	0	0	0	0	0	0	0	0	0	0	0.023851604886354155	0.23657993621579926	0	0	0	0.9507970724250212	0	0.23638722975438553	0	0	0	0.9998205020078871	0	2.685358301199965e-4	0	0	0.9952822016353197	0.9559921391972381	0.9994176244860221	0.9999919186446674	0.6044189978972261	0.1653440121549682	0.17541524009295295	3.756134526799457	2.990455046490796	0.4636252862796387	0.3125390059204474	0.16726074565574212	0.14527415007671174	2.691475380682142	2.760277278425679	0.5871114905406812	1.0156328965139636	600	0.0939913888888889	1.0237497955994637	97	180	0	0	18.962255159823748	21.36861062595569	49.89535072148657	85.07845757801064	142.3838393818702	365.67319399209225	158.81093461567485	615.1570874822281	0	0	0	0	0	0	0	0	0.2270936448643805	0.25468323293416484	0.5969601585245197	0.234880064371521	0.6018305961426437	0.2617491880287463	0.07752761057827648	0.1604706569575717	0	0
164.5042063975854	301.37567317408525	463.40080283070904	-0	-0	-0	0.12549908618632005	0.3153242416287627	0.6810517293148912	1.0156328965139652	0.12356737027431922	0.3104706855312335	0.6705687967104236	0	0	0	0	0	0	0	0	0	0	0	0	0	0	0	0.02435381671236457	0.23996252108814128	0	0	0	0.9726546834515185	0	0.4664096812040669	0	0	0	0.9998917045693502	0	4.566503915493895e-4	0	0	0.9995414073382495	0.9945590367529862	0.9999182741567613	0.9999992587859075	0.8427128048767836	0.20367877761631115	0.18521434286212	5.030557293044645	3.287479974632335	0.5651694795985985	0.426444484085094	0.1935975612366253	0.15487371458521962	3.237836120241718	3.120905605426944	0.6737879497968611	1.0156328965139652	600	0.0939913888888889	1.0237497955994637	97	180	0	0	21.606989511767388	25.505778426046582	51.7790934317458	86.831091635008	167.91289272285155	406.29281631870373	179.68200733605755	628.6932644432278	0	0	0	0	0	0	0	0	0.2546997314060324	0.3039680503220675	0.6252294746338849	0.2727849700959801	0.6646052285321253	0.2946162257854302	0.12466704382003808	0.19974170226214769	0	0
164.5042063975854	301.37567317408525	463.40080283070904	-0	-0	-0	0.12549908618632005	0.3153242416287627	0.6810517293148912	1.0156328965139652	0.12356737027431922	0.3104706855312335	0.6705687967104236	0	0	0	0	0	0	0	0	0	0	0	0	0	0	0	0.02435381671236457	0.23996252108814128	0	0	0	0.9726546834515185	0	0.4664096812040669	0	0	0	0.9998917045693502	0	4.566503915493895e-4	0	0	0.9995414073382495	0.9945590367529862	0.9999182741567613	0.9999992587859075	0.8427128048767836	0.20367877761631115	0.18521434286212	5.030557293044645	3.287479974632335	0.5651694795985985	0.426444484085094	0.1935975612366253	0.15487371458521962	3.237836120241718	3.120905605426944	0.6737879497968611	1.0156328965139652	600	0.0939913888888889	1.0237497955994637	97	180	0	0	21.606989511767388	25.505778426046582	51.7790934317458	86.831091635008	167.91289272285155	406.29281631870373	179.68200733605755	628.6932644432278	0	0	0	0	0	0	0	0	0.2546997314060324	0.3039680503220675	0.6252294746338849	0.2727849700959801	0.6646052285321253	0.2946162257854302	0.12466704382003808	0.19974170226214769	0	0
185.82069335787511	250.38326432216826	442.0458406016616	-0	-0	-0	0.12289074509642443	0.7084839424845986	2.019578021969051	3.4717957236721935	0.035396882442852946	0.20406844148515113	0.5817099226773904	0	0	0	0	0	0	0	0	0	0	0	0	0	0	0	0.02801568234952901	0.18852162432465502	0	0	0	0.5168242511692409	0	0.012898092150034691	0	0	0	0.9990537788269481	0	1.5069861652814155e-4	0	0	0.9057951579581516	0.7775836036864484	0.9481604021501323	0.9998347789436531	0.41072199761364614	0.20230885132640186	0.06383151444946093	2.9450822599177835	2.6490086351951834	1.3120155671100193	0.05206886613489946	0.16088926005248663	0.014569137856321924	2.0350009489133396	2.5682937277804334	1.3293159885886197	3.4717957236721935	4200	0.4637219444444445	1.3103918569347164	96	179	0	0	30.19012555817345	82.05183635694576	42.648102772889054	235.96167193225278	249.37699046844602	989.7004057393139	1310.2551678382786	3387.546320608232	0	0	0	0	0	0	0	0	0.12330101221121123	0.3341070653732572	0.1740075711422243	0.07206086705297608	0.28856926915595676	0.3814282394088123	0.16959210639532293	0.08899335792778824	0	0
185.82069335787511	250.38326432216826	442.0458406016616	-0	-0	-0	0.12289074509642443	0.7084839424845986	2.019578021969051	3.4717957236721935	0.035396882442852946	0.20406844148515113	0.5817099226773904	0	0	0	0	0	0	0	0	0	0	0	0	0	0	0	0.02801568234952901	0.18852162432465502	0	0	0	0.5168242511692409	0	0.012898092150034691	0	0	0	0.9990537788269481	0	1.5069861652814155e-4	0	0	0.9057951579581516	0.7775836036864484	0.9481604021501323	0.9998347789436531	0.41072199761364614	0.20230885132640186	0.06383151444946093	2.9450822599177835	2.6490086351951834	1.3120155671100193	0.05206886613489946	0.16088926005248663	0.014569137856321924	2.0350009489133396	2.5682937277804334	1.3293159885886197	3.4717957236721935	4200	0.4637219444444445	1.3103918569347164	96	179	0	0	30.19012555817345	82.05183635694576	42.648102772889054	235.96167193225278	249.37699046844602	989.7004057393139	1310.2551678382786	3387.546320608232	0	0	0	0	0	0	0	0	0.12330101221121123	0.3341070653732572	0.1740075711422243	0.07206086705297608	0.28856926915595676	0.3814282394088123	0.16959210639532293	0.08899335792778824	0	0
189.42677931145823	252.75994398877137	444.6647041923343	-0	-0	-0	0.19160804404276868	0.8934241039460744	2.1019742729740116	3.4717957236722	0.05518989574654469	0.2573377511396547	0.6054429581331193	0	0	0	0	0	0	0	0	0	0	0	0	0	0	0	0.028546964353198985	0.19131807557046135	0	0	0	0.6690116405185993	0	0.04066390963795159	0	0	0	0.9994694003056952	0	2.745958371492663e-4	0	0	0.959680806697517	0.8788928237352363	0.9914631011251277	0.9999448553626892	0.5094183784255482	0.2475566928667272	0.09594943260018068	3.532006826425249	2.927717394441705	1.4178386651821562	0.12651380686074948	0.18744960880022654	0.036448788741972826	2.6929990984862666	2.780950229545442	1.4645916211133985	3.4717957236722	4200	0.4637219444444445	1.3103918569347164	96	179	0	0	42.411081592301926	106.90324499311546	69.70089540144042	243.08706418323592	351.29389057605806	1252.5331784138702	1465.7005996687378	3434.36320069709	0	0	0	0	0	0	0	0	0.1717671140337861	0.43139584165475797	0.28105810400526987	0.10179624580794897	0.36315323657555343	0.4228710102731138	0.19759774601804625	0.11632021245969712	0	0
191.57778055790084	254.68795493440916	446.29275812389074	-0	-0	-0	0.2396173760757939	1.0823283171654041	2.1423355825995984	3.4717957236722037	0.0690182819346136	0.311748847947943	0.6170684432820261	0	0	0	0	0	0	0	0	0	0	0	0	0	0	0	0.028859213134555466	0.19355693456074824	0	0	0	0.7637010709210703	0	0.2303745763128039	0	0	0	0.9995990205388251	0	3.6911213658220193e-4	0	0	0.9798463083013131	0.9305860996509249	0.9968330632591631	0.9999740903062544	0.6041700776333776	0.27354533401499903	0.10256205471408619	4.162778040360397	3.0494976097258926	1.4656807126251299	0.20362560835530774	0.2031167294370324	0.04319549372541942	2.9657441879341553	2.8829279933229945	1.5226978036097432	3.4717957236722037	4200	0.4637219444444445	1.3103918569347164	96	179	0	0	50.891462264393866	121.43931356572892	74.57785283614388	246.89721399671	432.4821460947767	1529.0626084382568	1519.5244575247045	3461.4197804002147	0	0	0	0	0	0	0	0	0.2056847285295103	0.4918724751971145	0.3014309109880171	0.12447363857038782	0.43984872150320325	0.43908912550844587	0.2438693793337944	0.13501849143993339	0	0
193.93790427556647	256.6986485068616	448.1762490935491	-0	-0	-0	0.4525227617276177	1.1426577925639299	2.1804043145715237	3.4717957236722072	0.13034256556113644	0.32912587130999527	0.6280335849556431	0	0	0	0	0	0	0	0	0	0	0	0	0	0	0	0.029197977351551167	0.19586454737255166	0	0	0	0.9574524336865163	0	0.32423179162905	0	0	0	0.9997046303944536	0	4.7333994216586505e-4	0	0	0.991653560393138	0.9689129265505366	0.9988438635590915	0.999990292037486	0.7249098435162338	0.29622124455668736	0.10937988573265245	5.044661146563761	3.1881684242567587	1.5083467711976364	0.27056251642444223	0.24122182646729862	0.04967967219244579	3.282757849458405	3.008434627765275	1.571451576593749	3.4717957236722072	4200	0.4637219444444445	1.3103918569347164	96	179	0	0	68.41853734846103	131.19763801844564	79.40066810928651	250.82892561373572	687.9077677306686	1613.517178993537	1559.8467777168864	3487.628688484514	0	0	0	0	0	0	0	0	0.2781917860528915	0.5288374857632718	0.3221157853340764	0.2003158724796684	0.46402032485046363	0.45066703657927765	0.26406203306621306	0.15841291596652482	0	0
198.15094994969513	260.8978927477623	453.56721329485595	-0	-0	-0	0.6310041212591415	1.2278960500581524	2.2388615798510627	3.471795723672213	0.18175151174842555	0.3536775051843705	0.6448713455649288	0	0	0	0	0	0	0	0	0	0	0	0	0	0	0	0.029793129855059615	0.20059830009392102	0	0	0	0.9862831000727765	0	0.4716963065226193	0	0	0	0.9998377914577707	0	8.28843824874969e-4	0	0	0.999247260610403	0.9951151653774958	0.9998987419316369	0.9999983670974618	0.9159848183610328	0.3334338313787416	0.12013423311091208	6.280450756350076	3.4076947300493163	1.5989727247992287	0.43953522117309707	0.30163513290834887	0.060729727220950644	4.314468041023169	3.236266250042179	1.6713145189925496	3.471795723672213	4200	0.4637219444444445	1.3103918569347164	96	179	0	0	90.76611590592124	144.79814433549038	88.96148993062006	257.63521415693475	913.5181796633362	1728.9221241308826	1639.8593127673203	3539.502541178591	0	0	0	0	0	0	0	0	0.36304105964818045	0.5780743896951183	0.36533782948791527	0.2662562028485617	0.4971572010266493	0.4746447211265994	0.2891775145926104	0.20592462979263293	0	0
198.15094994969513	260.8978927477623	453.56721329485595	-0	-0	-0	0.6310041212591415	1.2278960500581524	2.2388615798510627	3.471795723672213	0.18175151174842555	0.3536775051843705	0.6448713455649288	0	0	0	0	0	0	0	0	0	0	0	0	0	0	0	0.029793129855059615	0.20059830009392102	0	0	0	0.9862831000727765	0	0.4716963065226193	0	0	0	0.9998377914577707	0	8.28843824874969e-4	0	0	0.999247260610403	0.9951151653774958	0.9998987419316369	0.9999983670974618	0.9159848183610328	0.3334338313787416	0.12013423311091208	6.280450756350076	3.4076947300493163	1.5989727247992287	0.43953522117309707	0.30163513290834887	0.060729727220950644	4.314468041023169	3.236266250042179	1.6713145189925496	3.471795723672213	4200	0.4637219444444445	1.3103918569347164	96	179	0	0	90.76611590592124	144.79814433549038	88.96148993062006	257.63521415693475	913.5181796633362	1728.9221241308826	1639.8593127673203	3539.502541178591	0	0	0	0	0	0	0	0	0.36304105964818045	0.5780743896951183	0.36533782948791527	0.2662562028485617	0.4971572010266493	0.4746447211265994	0.2891775145926104	0.20592462979263293	0	0
315.650729806438	253.60721646500596	575.4776196839141	-0	-0	-0	0.5602758519290723	0.862950428224797	2.4030921633436617	4.732306287643718	0.11839382699973984	0.18235303798446018	0.5078057119037804	0	0	0	0	0	0	0	0	0	0	0	0	0	0	0	0.025283686669480842	0.19066091973466104	0	0	0	0.943737142499211	0	0.016411500588359666	0	0	0	0.9954177989547712	0	0.001084341091832467	0	0	0.7369868006417221	0.6361097546151129	0.9875557362326018	0.9986683421118675	0.20855343099842294	0.11657392315833137	0.11078052943186939	1.5498515004832805	2.4272957312619	1.0743531497579943	0.19146253124761156	0.07548355899449846	0.03744474470123382	1.7372875712206524	3.652126251143288	1.2148739276271683	4.732306287643718	600	0.1132711111111111	1.0595721069311874	180	180	0	0	76.40351767388537	55.7678457233334	93.625738313485	305.83754523074606	576.9655529610757	1470.5455296355217	1407.765091278691	4495.287995485425	0	0	0	0	0	0	0	0	0.24318558092551273	0.17888917637000298	0.296908285927022	0.12685901440635983	0.3206565218983305	0.30941992277315605	0.024737785109074668	0.09011496035741014	0	0
315.650729806438	253.60721646500596	575.4776196839141	-0	-0	-0	0.5602758519290723	0.862950428224797	2.4030921633436617	4.732306287643718	0.11839382699973984	0.18235303798446018	0.5078057119037804	0	0	0	0	0	0	0	0	0	0	0	0	0	0	0	0.025283686669480842	0.19066091973466104	0	0	0	0.943737142499211	0	0.016411500588359666	0	0	0	0.9954177989547712	0	0.001084341091832467	0	0	0.7369868006417221	0.6361097546151129	0.9875557362326018	0.9986683421118675	0.20855343099842294	0.11657392315833137	0.11078052943186939	1.5498515004832805	2.4272957312619	1.0743531497579943	0.19146253124761156	0.07548355899449846	0.03744474470123382	1.7372875712206524	3.652126251143288	1.2148739276271683	4.732306287643718	600	0.1132711111111111	1.0595721069311874	180	180	0	0	76.40351767388537	55.7678457233334	93.625738313485	305.83754523074606	576.9655529610757	1470.5455296355217	1407.765091278691	4495.287995485425	0	0	0	0	0	0	0	0	0.24318558092551273	0.17888917637000298	0.296908285927022	0.12685901440635983	0.3206565218983305	0.30941992277315605	0.024737785109074668	0.09011496035741014	0	0
317.7778409970307	258.31361272348806	578.25540129343	-0	-0	-0	0.6348731604073844	1.011323573106869	2.7525433584642482	4.732306287643727	0.13415724211787966	0.21370628011705028	0.5816494519070476	0	0	0	0	0	0	0	0	0	0	0	0	0	0	0	0.025469955623146197	0.19606967651056006	0	0	0	0.96250567049969	0	0.023925618856019105	0	0	0	0.9966107291525605	0	0.0016342738184594973	0	0	0.8800588233415417	0.7140699509780686	0.9959353206311727	0.9990942696679632	0.2495567909679195	0.15301757849558928	0.12764128371159628	1.9527541196999723	2.7090344997689755	1.2389119476003856	0.25054116186951303	0.10252454170374697	0.06997488557658399	2.165616457101824	3.9929817886228727	1.497891156438106	4.732306287643727	600	0.1132711111111111	1.0595721069311874	180	180	0	0	85.03457533850165	67.82244353315633	134.5914471863399	312.0457394529318	673.0981929251534	1685.8413264601706	1783.2650331841392	4557.998082604773	0	0	0	0	0	0	0	0	0.2678858279548542	0.21538970067653465	0.4265374382426085	0.14685162130396018	0.3676503329565355	0.38990851571201357	0.04422745790135557	0.1357073541757774	0	0
319.58030490486544	260.47301889083354	580.0065625417794	-0	-0	-0	0.6841234939289157	1.0976632400574053	2.9347370705963844	4.7323062876437305	0.14456450033997026	0.23195101359424986	0.6201494350141946	0	0	0	0	0	0	0	0	0	0	0	0	0	0	0	0.02562673584785198	0.19850202547613846	0	0	0	0.9693683163609998	0	0.028152881496244293	0	0	0	0.9972691494156036	0	0.00205084271825939	0	0	0.926098575969063	0.7502087898888041	0.9977381706709745	0.9993011195358115	0.26986185558220166	0.16901292568361725	0.13419202184754486	2.120928220848413	2.8525202976573807	1.3221596710564156	0.278611602688704	0.12042908663478369	0.0792906407097893	2.396106868493968	4.164369405985523	1.6079945442485801	4.7323062876437305	600	0.1132711111111111	1.0595721069311874	180	180	0	0	90.68831246158192	76.22476145595715	148.59311973455556	315.35178144871816	737.5310765269918	1792.8981424932733	2030.1498434666635	4588.649096614097	0	0	0	0	0	0	0	0	0.2862964075456107	0.24230598936728115	0.47142017636275957	0.16049981491090387	0.39132996253249264	0.4416343743773663	0.05353512122837989	0.1574183196525245	0	0
321.7067741069844	262.6070553782207	582.2648178860138	-0	-0	-0	0.7706075126670717	1.1893828131918875	3.020616510030025	4.732306287643736	0.16283973729239903	0.2513325936441223	0.6382969162239132	0	0	0	0	0	0	0	0	0	0	0	0	0	0	0	0.025810473885560396	0.2008768647132187	0	0	0	0.9742558320413022	0	0.03313543996561616	0	0	0	0.9978225226626263	0	0.0025062259251670237	0	0	0.9628783494072565	0.7817302117402118	0.9989065340693801	0.9994667448475557	0.2905919103801232	0.1825979393384899	0.13919297898355576	2.2950332378951064	2.9716092610374463	1.3827924494327983	0.30882476236593115	0.13759340751260823	0.08540212645698647	2.602822075080167	4.319650052662911	1.6823303170346522	4.732306287643736	600	0.1132711111111111	1.0595721069311874	180	180	0	0	99.21772884136013	84.28781042728363	157.24312384139546	319.0254699729769	845.7393388015685	1944.0713681843101	2160.646601130691	4620.430352257761	0	0	0	0	0	0	0	0	0.31478324317679707	0.2667330937185207	0.4982080613066681	0.18414845294285756	0.42384613862119447	0.4709838260365	0.0635267956464908	0.18132073695796405	0	0
325.898072716219	268.2424688429945	587.8897787468461	-0	-0	-0	1.2544025647852515	1.4991971388388552	3.122170004421778	4.732306287643743	0.2650721421097688	0.31680052974451955	0.6597565361679774	0	0	0	0	0	0	0	0	0	0	0	0	0	0	0	0.02616884699503453	0.20701725288929035	0	0	0	0.98250365750194	0	0.049432614155035436	0	0	0	0.9985758127321458	0	0.0033699500461597445	0	0	0.9929971668193148	0.8435428555339854	0.9998231722547651	0.9997568907099501	0.3357094742567559	0.20972260273708734	0.1487906830763025	2.6400616766910145	3.2781390411264333	1.4864696556456176	0.3625017724320394	0.17412589634393816	0.09521584389284787	3.00052480411687	4.680949255405291	1.8044519018956005	4.732306287643743	600	0.1132711111111111	1.0595721069311874	180	180	0	0	143.19335309418332	105.01883042644947	167.8927116637208	325.75396953455584	1278.539769431709	2419.686033620733	2326.6817822629127	4678.552975429758	0	0	0	0	0	0	0	0	0.456662296837915	0.3286950370916565	0.5343942343065949	0.2796632293383556	0.5280467996058883	0.5056622362366331	0.08688588276054925	0.2345630708310207	0	0
325.898072716219	268.2424688429945	587.8897787468461	-0	-0	-0	1.2544025647852515	1.4991971388388552	3.122170004421778	4.732306287643743	0.2650721421097688	0.31680052974451955	0.6597565361679774	0	0	0	0	0	0	0	0	0	0	0	0	0	0	0	0.02616884699503453	0.20701725288929035	0	0	0	0.98250365750194	0	0.049432614155035436	0	0	0	0.9985758127321458	0	0.0033699500461597445	0	0	0.9929971668193148	0.8435428555339854	0.9998231722547651	0.9997568907099501	0.3357094742567559	0.20972260273708734	0.1487906830763025	2.6400616766910145	3.2781390411264333	1.4864696556456176	0.3625017724320394	0.17412589634393816	0.09521584389284787	3.00052480411687	4.680949255405291	1.8044519018956005	4.732306287643743	600	0.1132711111111111	1.0595721069311874	180	180	0	0	143.19335309418332	105.01883042644947	167.8927116637208	325.75396953455584	1278.539769431709	2419.686033620733	2326.6817822629127	4678.552975429758	0	0	0	0	0	0	0	0	0.456662296837915	0.3286950370916565	0.5343942343065949	0.2796632293383556	0.5280467996058883	0.5056622362366331	0.08688588276054925	0.2345630708310207	0	0
372.6002600325375	701.7249892983575	1077.2144209223873	-0	-0	-0	0.25864775009889784	0.9060795694218835	0.24357905368228713	1.6286387680233578	0.15881222722753444	0.5563416438389014	0.1495599014739854	0	0	0	0	0	0	0	0	0	0	0	0	0	0	0	0.029872626855210145	0.48529891919869644	0	0	0	0.6576343399075323	0	0.1289773712268006	0	0	0	0.9991864238382723	0	4.4013781354579497e-4	0	0	0.9547667194687057	0.83121937070896	0.9854418474774673	0.99987953138612	0.25924105637815514	0.09178882051026607	0.10506298099484454	0.8144822127599531	2.8250755864936106	0.1550663298183665	0.07524257086741191	0.039177817614610325	0.040526205459841994	0.04150376679110703	2.452573598013448	3.968489639165296e-4	1.6286387680233578	600	0.07568527777777777	1.025205791564042	180	180	0	0	34.68096504486229	31.48654992704365	9.936969450167496	86.30724928772965	129.83632630171687	1229.2157537397215	10.459063751923123	1627.4739054077397	0	0	0	0	0	0	0	0	0.3884018829408859	0.3505681595631258	0.10569811795510338	0.07885398383047568	0.6516268061960402	0.005563209233262545	-0.051816266109383224	0.21046800663195628	0	0
372.6002600325375	701.7249892983575	1077.2144209223873	-0	-0	-0	0.25864775009889784	0.9060795694218835	0.24357905368228713	1.6286387680233578	0.15881222722753444	0.5563416438389014	0.1495599014739854	0	0	0	0	0	0	0	0	0	0	0	0	0	0	0	0.029872626855210145	0.48529891919869644	0	0	0	0.6576343399075323	0	0.1289773712268006	0	0	0	0.9991864238382723	0	4.4013781354579497e-4	0	0	0.9547667194687057	0.83121937070896	0.9854418474774673	0.99987953138612	0.25924105637815514	0.09178882051026607	0.10506298099484454	0.8144822127599531	2.8250755864936106	0.1550663298183665	0.07524257086741191	0.039177817614610325	0.040526205459841994	0.04150376679110703	2.452573598013448	3.968489639165296e-4	1.6286387680233578	600	0.07568527777777777	1.025205791564042	180	180	0	0	34.68096504486229	31.48654992704365	9.936969450167496	86.30724928772965	129.83632630171687	1229.2157537397215	10.459063751923123	1627.4739054077397	0	0	0	0	0	0	0	0	0.3884018829408859	0.3505681595631258	0.10569811795510338	0.07885398383047568	0.6516268061960402	0.005563209233262545	-0.051816266109383224	0.21046800663195628	0	0
374.55679767579807	704.0937822574786	1079.7714746806969	-0	-0	-0	0.31938601146997414	0.965626730264129	0.25696238257839665	1.6286387680233605	0.1961061088197014	0.5929041781536891	0.15777739522329146	0	0	0	0	0	0	0	0	0	0	0	0	0	0	0	0.03001782067539983	0.48638239878332934	0	0	0	0.7434952450193184	0	0.17049641644108798	0	0	0	0.9993344066781714	0	5.370287445653149e-4	0	0	0.9762036570706072	0.913306589434725	0.9935585068326708	0.9999448245531403	0.30933039990108174	0.10346145888618663	0.11393599808690719	2.0187793207540636	2.9835705683996414	0.27740993474881637	0.11935471127446534	0.04657224820002914	0.050659509496698174	0.3364962191799855	2.659571985175876	0.00579538408430369	1.6286387680233605	600	0.07568527777777777	1.025205791564042	180	180	0	0	39.84605839121453	36.187439047125125	10.657673984589083	89.70535925643611	236.36050782815732	1324.1199743110078	19.370320927281796	1684.4237655923957	0	0	0	0	0	0	0	0	0.43691299729057576	0.39638580737757056	0.11552695289534508	0.1390813850932971	0.7350889255340982	0.010867218009215307	-0.04099735503608473	0.2285117268239612	0	0
375.84067601872755	705.5415649694635	1081.5276303485598	-0	-0	-0	0.3620590619305313	1.0058271105334171	0.2611906738751014	1.6286387680233623	0.2223077756953758	0.6175876015490921	0.16037360709035703	0	0	0	0	0	0	0	0	0	0	0	0	0	0	0	0.0301127163183275	0.4870434239324206	0	0	0	0.7913630868830368	0	0.2053308356137853	0	0	0	0.9993846621113277	0	5.77533301292176e-4	0	0	0.9863836587016839	0.9496492467914239	0.9962918793640205	0.9999685594926793	0.3411723978074782	0.10877660117299637	0.1191404622097908	2.729072076659362	3.0448020499390323	0.3420904568313017	0.14591954612268654	0.051446853654666724	0.05534046231839773	0.7398891361205258	2.771317230047657	0.013625953331953378	1.6286387680233623	600	0.07568527777777777	1.025205791564042	180	180	0	0	42.10574849513468	38.25065144995261	11.050796402192354	91.4642310941688	329.17646050710675	1385.6651989586353	23.62720691737939	1735.0889236941725	0	0	0	0	0	0	0	0	0.46032260274790926	0.4177006653850711	0.12067370580012485	0.19071426938374542	0.7948104376376255	0.013435888694766907	-0.03507807849709982	0.23752077258424764	0	0
377.31537271003157	707.3213733040606	1083.6268091105362	-0	-0	-0	0.40110776902853107	1.0489255990033384	0.26544845893951474	1.6286387680233638	0.24628406059334151	0.6440504914889087	0.16298792841686016	0	0	0	0	0	0	0	0	0	0	0	0	0	0	0	0.030221348275207078	0.4878548172851596	0	0	0	0.8254826755529241	0	0.2531929288438179	0	0	0	0.9994311685644247	0	6.206224873651828e-4	0	0	0.9938301252543087	0.9766594831619191	0.9984735085127325	0.9999857091153228	0.3750137724922631	0.11455419122495653	0.12522430456907696	4.124368033539581	3.1043822910996464	0.39303546105390463	0.17631214924904287	0.05550075422537165	0.05984237487122712	1.2834755786957293	2.880246735295923	0.02817525430294976	1.6286387680233638	600	0.07568527777777777	1.025205791564042	180	180	0	0	44.58220236359519	40.777936611572756	11.454343977313442	93.30495731472548	459.223837798265	1446.4726420719344	27.207568760894027	1825.2199538834257	0	0	0	0	0	0	0	0	0.4839273188573157	0.4418678624732652	0.12622117162248847	0.2535614429677767	0.845785909029409	0.015617412732333365	-0.028759912278849182	0.24583887298377993	0	0
381.01901837750256	711.316304108576	1088.190599238702	-0	-0	-0	0.4610357318456722	1.1097686964669615	0.27890240765557744	1.6286387680233667	0.2830804110141742	0.6814087434587253	0.17124878342057048	0	0	0	0	0	0	0	0	0	0	0	0	0	0	0	0.03049246683476279	0.4896711626723651	0	0	0	0.8686419252028469	0	0.3366386134221244	0	0	0	0.9995540425351814	0	7.517907253679809e-4	0	0	0.9992069280934807	0.9973707533622658	0.9997855439392205	0.9999984657897198	0.4602635462983824	0.12315132890049432	0.13494785784230784	6.142447947893345	3.242716899515679	0.49910507471234483	0.24715241871772267	0.06394542382067257	0.07007143129448296	2.5212143858510765	3.0868360526647862	0.07465152049038956	1.6286387680233667	600	0.07568527777777777	1.025205791564042	180	180	0	0	49.70877543143412	45.083052806722755	12.472626687591816	96.92343442732674	657.0411298592476	1535.337433500431	36.14944225737942	2003.3534695841045	0	0	0	0	0	0	0	0	0.5274219712693163	0.4902515901277275	0.13951049163749554	0.3373851871699387	0.9066642965269436	0.02075759563092251	-0.016864915255263797	0.26380831743783206	0	0
381.01901837750256	711.316304108576	1088.190599238702	-0	-0	-0	0.4610357318456722	1.1097686964669615	0.27890240765557744	1.6286387680233667	0.2830804110141742	0.6814087434587253	0.17124878342057048	0	0	0	0	0	0	0	0	0	0	0	0	0	0	0	0.03049246683476279	0.4896711626723651	0	0	0	0.8686419252028469	0	0.3366386134221244	0	0	0	0.9995540425351814	0	7.517907253679809e-4	0	0	0.9992069280934807	0.9973707533622658	0.9997855439392205	0.9999984657897198	0.4602635462983824	0.12315132890049432	0.13494785784230784	6.142447947893345	3.242716899515679	0.49910507471234483	0.24715241871772267	0.06394542382067257	0.07007143129448296	2.5212143858510765	3.0868360526647862	0.07465152049038956	1.6286387680233667	600	0.07568527777777777	1.025205791564042	180	180	0	0	49.70877543143412	45.083052806722755	12.472626687591816	96.92343442732674	657.0411298592476	1535.337433500431	36.14944225737942	2003.3534695841045	0	0	0	0	0	0	0	0	0.5274219712693163	0.4902515901277275	0.13951049163749554	0.3373851871699387	0.9066642965269436	0.02075759563092251	-0.016864915255263797	0.26380831743783206	0	0
304.66915570202195	493.803922374103	801.6060383299967	-0	-0	-0	0.3514243681999407	0.8665151924103199	0.2139048857044946	1.5666053057127174	0.2243222124414177	0.5531164673389783	0.13654038124630197	0	0	0	0	0	0	0	0	0	0	0	0	0	0	0	0.024299337768144122	0.37829311103266994	0	0	0	0.7988040067628581	0	0.09783114310028528	0	0	0	0.9996054429956073	0	1.6883004268938002e-4	0	0	0.9354204228159774	0.7849132749443484	0.9879118429607946	0.9999312950126955	0.21207578184311715	0.1074482405796784	0.01615924325598594	1.8891887632105449	2.7017491221466097	1.0752502785278462	0.11079664569801659	0.03746215366461042	0.0012807420368835811	1.1493887503564166	2.3227767473859213	0.7258644107233767	1.5666053057127174	600	0.05878055555555556	1.012572821781595	180	180	0	0	36.016179935134616	32.0353297107263	1.4690729220067777	75.47174027914095	324.0043523264837	1099.0011267020157	107.16489409546195	1659.9312333941016	0	0	0	0	0	0	0	0	0.4644957272070397	0.3976084846319356	0.01836055099086525	0.19031824968952601	0.6358652204323256	0.06167932226273711	-0.008654799908037691	0.21023316328521938	0	0
304.66915570202195	493.803922374103	801.6060383299967	-0	-0	-0	0.3514243681999407	0.8665151924103199	0.2139048857044946	1.5666053057127174	0.2243222124414177	0.5531164673389783	0.13654038124630197	0	0	0	0	0	0	0	0	0	0	0	0	0	0	0	0.024299337768144122	0.37829311103266994	0	0	0	0.7988040067628581	0	0.09783114310028528	0	0	0	0.9996054429956073	0	1.6883004268938002e-4	0	0	0.9354204228159774	0.7849132749443484	0.9879118429607946	0.9999312950126955	0.21207578184311715	0.1074482405796784	0.01615924325598594	1.8891887632105449	2.7017491221466097	1.0752502785278462	0.11079664569801659	0.03746215366461042	0.0012807420368835811	1.1493887503564166	2.3227767473859213	0.7258644107233767	1.5666053057127174	600	0.05878055555555556	1.012572821781595	180	180	0	0	36.016179935134616	32.0353297107263	1.4690729220067777	75.47174027914095	324.0043523264837	1099.0011267020157	107.16489409546195	1659.9312333941016	0	0	0	0	0	0	0	0	0.4644957272070397	0.3976084846319356	0.01836055099086525	0.19031824968952601	0.6358652204323256	0.06167932226273711	-0.008654799908037691	0.21023316328521938	0	0
306.9286055812496	495.4126260994077	803.8902068600823	-0	-0	-0	0.3936053061032795	0.9066818301798492	0.22134760967272957	1.56660530571272	0.25124726992049246	0.5787557509690412	0.14129124219455397	0	0	0	0	0	0	0	0	0	0	0	0	0	0	0	0.024505097744040895	0.37923694088473686	0	0	0	0.8430853672737064	0	0.12159805699924044	0	0	0	0.9996986236274215	0	2.1281243207670915e-4	0	0	0.9682681080556121	0.8802688945366683	0.9945469601452258	0.9999672428829285	0.2531002613697107	0.11535916056341988	0.028616418748728167	2.3870437597537144	2.819655932418476	1.2556335072415878	0.14790729197518998	0.04464222057640521	0.006014602922975676	1.5352048461583854	2.457823105900382	0.8496793676993151	1.56660530571272	600	0.05878055555555556	1.012572821781595	180	180	0	0	39.83975624978641	34.643468282171284	2.08700324038141	78.56269357436699	383.00008821946483	1149.7631545181719	116.21837953477856	1698.4541745609145	0	0	0	0	0	0	0	0	0.5019035758814475	0.43066842541291606	0.026028542363656062	0.22510498871395995	0.6684364702853989	0.06744193369430908	-0.002884084332625857	0.2273061015882787	0	0
308.4122330849639	496.79980067179633	805.4033856243013	-0	-0	-0	0.4135598590069336	0.9260528650268594	0.22586250923611406	1.5666053057127214	0.26398471746448315	0.5911207255905182	0.14417320585631418	0	0	0	0	0	0	0	0	0	0	0	0	0	0	0	0.024639271812542662	0.38004891703294297	0	0	0	0.8608741301339304	0	0.1360315733375743	0	0	0	0.9997399068828854	0	2.384288340750084e-4	0	0	0.9799909980566315	0.9279664118436068	0.9968728303364873	0.9999810788423449	0.2732711446465165	0.1205803233630639	0.03355627737672118	2.607733663417971	2.8858411141485036	1.3395210518986986	0.16708934368975914	0.04836571626442099	0.009603670100791994	1.7395573826916366	2.525521074672646	0.917113095561173	1.5666053057127214	600	0.05878055555555556	1.012572821781595	180	180	0	0	41.89650818321672	35.982166396899345	2.4364383891030714	80.35369379444117	416.55226455489037	1179.138341167133	122.21853909506356	1717.2593743637694	0	0	0	0	0	0	0	0	0.5194629966617308	0.44904447922755564	0.03021965963578427	0.242511120450003	0.6858696915107882	0.07104129844445087	0.0011166268920166206	0.23725214731896027	0	0
310.1903565832038	498.43125921313407	807.4218375647386	-0	-0	-0	0.4322678510866538	0.9462587835550927	0.23175782958293525	1.5666053057127227	0.2759264567216535	0.6040186255622279	0.14793632367885923	0	0	0	0	0	0	0	0	0	0	0	0	0	0	0	0.024799122697021045	0.38100166934615487	0	0	0	0.8758684097694299	0	0.15277747378966322	0	0	0	0.9997696868637839	0	2.7373252271234563e-4	0	0	0.9907943395517892	0.9665467944266348	0.9985291099876037	0.9999915245631932	0.2957207692119461	0.12539299395579656	0.03905845320370216	2.84936867051345	2.947889602895209	1.416916129555366	0.18701790887527375	0.05232079913155435	0.013974835206544411	1.9506200563704295	2.58486883154793	0.9862532239836597	1.5666053057127227	600	0.05878055555555556	1.012572821781595	180	180	0	0	43.916327060510724	37.66697288867737	2.7805443357223694	82.1707625543094	448.39525862677385	1206.0997447996713	128.0409455835641	1740.0459898971098	0	0	0	0	0	0	0	0	0.5390116395717852	0.46903491561450106	0.0348014836997368	0.25977333424691984	0.7035097179469657	0.07465885203334703	0.005279149308841427	0.2467797543188437	0	0
314.35887078995097	502.8128941513388	812.2969309507371	-0	-0	-0	0.469464376732593	0.9845594579310027	0.24412325065368	1.566605305712725	0.299669849847094	0.628466822077485	0.1558294547857525	0	0	0	0	0	0	0	0	0	0	0	0	0	0	0	0.02516988707450342	0.38354877830948736	0	0	0	0.8991412493802161	0	0.19475066403100857	0	0	0	0.9998168008368987	0	3.58641994941344e-4	0	0	0.9990068389606207	0.9964220097287585	0.9998431103037327	0.9999990811291611	0.3327437015053499	0.13441014774237492	0.048238171468108784	3.316081884216573	3.0653049163325026	1.573610469797458	0.22394937472447815	0.05965935215875779	0.02277717775766712	2.2975542594806337	2.687759900237581	1.11824604847731	1.566605305712725	600	0.05878055555555556	1.012572821781595	180	180	0	0	46.87759573009414	40.454148331484575	3.416993873616695	85.11442984817833	513.5360983147849	1265.0696621733928	141.9419634110915	1778.4091050586183	0	0	0	0	0	0	0	0	0.5715121032861935	0.505068752352097	0.04288591228273615	0.2927527027868895	0.7385395042491343	0.08264461353704786	0.015099837476109018	0.2681835974159864	0	0
314.35887078995097	502.8128941513388	812.2969309507371	-0	-0	-0	0.469464376732593	0.9845594579310027	0.24412325065368	1.566605305712725	0.299669849847094	0.628466822077485	0.1558294547857525	0	0	0	0	0	0	0	0	0	0	0	0	0	0	0	0.02516988707450342	0.38354877830948736	0	0	0	0.8991412493802161	0	0.19475066403100857	0	0	0	0.9998168008368987	0	3.58641994941344e-4	0	0	0.9990068389606207	0.9964220097287585	0.9998431103037327	0.9999990811291611	0.3327437015053499	0.13441014774237492	0.048238171468108784	3.316081884216573	3.0653049163325026	1.573610469797458	0.22394937472447815	0.05965935215875779	0.02277717775766712	2.2975542594806337	2.687759900237581	1.11824604847731	1.566605305712725	600	0.05878055555555556	1.012572821781595	180	180	0	0	46.87759573009414	40.454148331484575	3.416993873616695	85.11442984817833	513.5360983147849	1265.0696621733928	141.9419634110915	1778.4091050586183	0	0	0	0	0	0	0	0	0.5715121032861935	0.505068752352097	0.04288591228273615	0.2927527027868895	0.7385395042491343	0.08264461353704786	0.015099837476109018	0.2681835974159864	0	0
247.71014640919364	235.5478525338686	484.8352790066942	-0	-0	-0	1.1519825272146347	5.451082081142786	17.85021201483115	26.38902267384551	0.043653853401565204	0.20656627373113778	0.6764256575717226	0	0	0	0	0	0	0	0	0	0	0	0	0	0	0	0.018365910361038778	0.16830092808815192	0	0	0	0.5608475210385114	0	0.17022839971127926	0	0	0	0.9994823794416198	0	8.75754628201602e-5	0	0	0.9462595945796738	0.761778253986783	0.9688772808364486	0.9999065827984965	0.2775692423558869	0.11732731354811957	0.06535256305971004	0.7396902061035809	2.329220632740341	0.9049499597841127	0.16607168992110474	0.033893623023520045	0.05922801140205784	1.5674812959045237	1.9187163260466706	1.0147458934291924	26.38902267384551	600	0.10195305555555556	1.1549851218756764	180	180	0	0	226.7424281449397	252.77182611290763	552.5028317384899	1270.0675187011698	1213.239912118592	6353.201864764906	8597.566384818958	18229.11653135267	0	0	0	0	0	0	0	0	0.17330212635523537	0.19403398272060673	0.41810269280888396	0.06520408938793758	0.343557232276847	0.4592746902373557	0.11839826076731493	0.18739586745492093	0	0
247.71014640919364	235.5478525338686	484.8352790066942	-0	-0	-0	1.1519825272146347	5.451082081142786	17.85021201483115	26.38902267384551	0.043653853401565204	0.20656627373113778	0.6764256575717226	0	0	0	0	0	0	0	0	0	0	0	0	0	0	0	0.018365910361038778	0.16830092808815192	0	0	0	0.5608475210385114	0	0.17022839971127926	0	0	0	0.9994823794416198	0	8.75754628201602e-5	0	0	0.9462595945796738	0.761778253986783	0.9688772808364486	0.9999065827984965	0.2775692423558869	0.11732731354811957	0.06535256305971004	0.7396902061035809	2.329220632740341	0.9049499597841127	0.16607168992110474	0.033893623023520045	0.05922801140205784	1.5674812959045237	1.9187163260466706	1.0147458934291924	26.38902267384551	600	0.10195305555555556	1.1549851218756764	180	180	0	0	226.7424281449397	252.77182611290763	552.5028317384899	1270.0675187011698	1213.239912118592	6353.201864764906	8597.566384818958	18229.11653135267	0	0	0	0	0	0	0	0	0.17330212635523537	0.19403398272060673	0.41810269280888396	0.06520408938793758	0.343557232276847	0.4592746902373557	0.11839826076731493	0.18739586745492093	0	0
249.45282908152453	236.93803971799426	487.31487791657986	-0	-0	-0	1.4043127098552517	5.847627039644237	18.64674333105604	26.389022673845563	0.05321579079346038	0.22159316439709892	0.7066098491603854	0	0	0	0	0	0	0	0	0	0	0	0	0	0	0	0.018575573205044323	0.17012660986601325	0	0	0	0.6874543110021283	0	0.23369112221766752	0	0	0	0.9997596496090221	0	1.1348304776176852e-4	0	0	0.9780100398208232	0.8547862308596605	0.9915602262191491	0.9999717622115839	0.36894252137233075	0.1475778842572673	0.08069494555837448	1.5372729868334227	2.5804773799367204	0.9982052486726958	0.2999777856095367	0.06069270517030145	0.06732570119816633	2.3799487790699705	2.1553317912535923	1.108045003089997	26.389022673845563	600	0.10195305555555556	1.1549851218756764	180	180	0	0	262.798406123841	307.39927541487515	673.7903595715288	1302.000331332888	1526.8400842775552	6921.513156747619	9452.106443588566	18526.043093863234	0	0	0	0	0	0	0	0	0.1995226870632041	0.23392881028741655	0.5127772635242445	0.08181485517282637	0.3710296158202899	0.5065762381207308	0.18711126865855754	0.22609099754478695	0	0
250.68594406367708	238.04929400262182	489.11284134187446	-0	-0	-0	1.5194733784346628	6.034366715129576	18.84993387408565	26.38902267384559	0.0575797518996649	0.2286695793819717	0.7143096622812024	0	0	0	0	0	0	0	0	0	0	0	0	0	0	0	0.018722511332280714	0.17157200859071298	0	0	0	0.7265369081534019	0	0.26989388450327945	0	0	0	0.9998406595947054	0	1.4535381251040615e-4	0	0	0.9893843482740008	0.8985704740736926	0.9960037965476443	0.9999838871909594	0.42271364522542765	0.1610548056689337	0.08597041710146403	1.974471152809586	2.7357107745339233	1.0413736316531685	0.35821000288271654	0.07499042487567231	0.07192225247269624	2.7643810706373886	2.30735830167985	1.1496249159333891	26.38902267384559	600	0.10195305555555556	1.1549851218756764	180	180	0	0	278.55188809890035	335.7396819032232	709.8573344858241	1317.7616007818483	1693.0975232364444	7210.1603578000795	9755.938095791238	18677.06501987662	0	0	0	0	0	0	0	0	0.21150878350221303	0.2542982984262185	0.5375704875380635	0.09079517452136025	0.3868786013848263	0.5227552957054067	0.20770395791355856	0.25011763283821387	0	0
252.43688846911067	239.35272191482278	491.2392614533288	-0	-0	-0	1.670505656459643	6.249080036319373	19.016186699233955	26.389022673845616	0.06330305131441241	0.23680604293515192	0.7206097373996756	0	0	0	0	0	0	0	0	0	0	0	0	0	0	0	0.018929194499623863	0.17325199956225348	0	0	0	0.7628730358761702	0	0.3073572241628142	0	0	0	0.9998738998585592	0	2.1286373924537364e-4	0	0	0.9953302361966578	0.9464708670032902	0.9983888090658593	0.9999913695492871	0.48375618724524105	0.17456781711896757	0.09028920535403062	2.401468899154161	2.88462083465194	1.079462941596888	0.41338275734488084	0.08921475479957791	0.07578827154922324	3.1077721522578035	2.459901275783477	1.1919077099490614	26.389022673845616	600	0.10195305555555556	1.1549851218756764	180	180	0	0	299.20331917987716	367.18414282182215	733.5916831523366	1334.2546847740418	1913.7734808820762	7527.674501617787	10039.965427468236	18829.337823890204	0	0	0	0	0	0	0	0	0.2260877033997922	0.27903321348874827	0.5558379092906589	0.10262873001662924	0.4019481529149347	0.5392952183642795	0.22120035460291165	0.273850975631454	0	0
256.4841089435165	242.62203197703522	496.2373534268627	-0	-0	-0	2.034842237607526	6.754352833796082	19.358627925973657	26.38902267384567	0.07710942018418426	0.25595312555816635	0.7335863917825244	0	0	0	0	0	0	0	0	0	0	0	0	0	0	0	0.019398506445384142	0.17739583445758045	0	0	0	0.8285261731327992	0	0.4189412308706335	0	0	0	0.9998976404310389	0	4.3533981755301414e-4	0	0	0.9994556943489017	0.9921929044824854	0.9998183487112959	0.9999987086785075	0.5831407167774701	0.20021947376290353	0.09755713450357445	3.2625204531218785	3.179999130431397	1.1693894129018059	0.5130459985002843	0.1177408098057828	0.08275164638109717	3.8677416763492793	2.7045618052931943	1.2627501401938106	26.38902267384567	600	0.10195305555555556	1.1549851218756764	180	180	0	0	357.458229894897	445.9207330127446	773.4449717341271	1362.6741391690875	2390.658480635998	8164.116264928434	10530.508621112716	19119.56844211253	0	0	0	0	0	0	0	0	0.26805989689934706	0.34252092234681797	0.5842882765086069	0.12706577120015858	0.4322106490292581	0.5651139636757068	0.24198149675218225	0.32672871951215865	0	0
256.4841089435165	242.62203197703522	496.2373534268627	-0	-0	-0	2.034842237607526	6.754352833796082	19.358627925973657	26.38902267384567	0.07710942018418426	0.25595312555816635	0.7335863917825244	0	0	0	0	0	0	0	0	0	0	0	0	0	0	0	0.019398506445384142	0.17739583445758045	0	0	0	0.8285261731327992	0	0.4189412308706335	0	0	0	0.9998976404310389	0	4.3533981755301414e-4	0	0	0.9994556943489017	0.9921929044824854	0.9998183487112959	0.9999987086785075	0.5831407167774701	0.20021947376290353	0.09755713450357445	3.2625204531218785	3.179999130431397	1.1693894129018059	0.5130459985002843	0.1177408098057828	0.08275164638109717	3.8677416763492793	2.7045618052931943	1.2627501401938106	26.38902267384567	600	0.10195305555555556	1.1549851218756764	180	180	0	0	357.458229894897	445.9207330127446	773.4449717341271	1362.6741391690875	2390.658480635998	8164.116264928434	10530.508621112716	19119.56844211253	0	0	0	0	0	0	0	0	0.26805989689934706	0.34252092234681797	0.5842882765086069	0.12706577120015858	0.4322106490292581	0.5651139636757068	0.24198149675218225	0.32672871951215865	0	0
298.1456304373141	366.2705781966828	665.9684905900385	-0	-0	-0	1.2723125451631374	7.176177222180565	3.2466019618016753	14.171005699945207	0.0897827982080378	0.5063985841321269	0.229101732830029	0	0	0	0	0	0	0	0	0	0	0	0	0	0	0	0.023695239403098225	0.29397991698054937	0	0	0	0.5317636619028226	0	0.10291944071183924	0	0	0	0.9993357489460787	0	1.6166087546921125e-4	0	0	0.8644087125245137	0.7799804054504041	0.9329129172490178	0.9998882870934114	0.11207056630905629	0.042937760598103586	0.030880129080865886	1.1947382132446116	1.2235151291539692	0.0954206023613678	0.07187301798115853	0.028039321164874245	0.024237665682980837	1.2095820437266671	1.5005205770341608	0.0774978490799462	14.171005699945207	600	0.07760722222222223	1.0159461474225466	180	180	0	0	111.29816157109371	158.0395812291707	57.364137304801	408.7469170443239	1073.396569924911	5159.618045716308	203.79445632280658	8226.127201389569	0	0	0	0	0	0	0	0	0.2581500286642728	0.3626146646396279	0.13125183826786277	0.12616421778877038	0.6057261728120715	0.023340762013900822	-0.023436187330494174	0.15464720813865146	0	0
298.1456304373141	366.2705781966828	665.9684905900385	-0	-0	-0	1.2723125451631374	7.176177222180565	3.2466019618016753	14.171005699945207	0.0897827982080378	0.5063985841321269	0.229101732830029	0	0	0	0	0	0	0	0	0	0	0	0	0	0	0	0.023695239403098225	0.29397991698054937	0	0	0	0.5317636619028226	0	0.10291944071183924	0	0	0	0.9993357489460787	0	1.6166087546921125e-4	0	0	0.8644087125245137	0.7799804054504041	0.9329129172490178	0.9998882870934114	0.11207056630905629	0.042937760598103586	0.030880129080865886	1.1947382132446116	1.2235151291539692	0.0954206023613678	0.07187301798115853	0.028039321164874245	0.024237665682980837	1.2095820437266671	1.5005205770341608	0.0774978490799462	14.171005699945207	600	0.07760722222222223	1.0159461474225466	180	180	0	0	111.29816157109371	158.0395812291707	57.364137304801	408.7469170443239	1073.396569924911	5159.618045716308	203.79445632280658	8226.127201389569	0	0	0	0	0	0	0	0	0.2581500286642728	0.3626146646396279	0.13125183826786277	0.12616421778877038	0.6057261728120715	0.023340762013900822	-0.023436187330494174	0.15464720813865146	0	0
299.53735916104404	367.77240765728345	668.0703349298507	-0	-0	-0	1.7932743860362632	7.903361408616105	3.52073572335404	14.171005699945233	0.12654531541421893	0.5577135156079038	0.2484464263088711	0	0	0	0	0	0	0	0	0	0	0	0	0	0	0	0.023825403067325612	0.295112980665781	0	0	0	0.6748650051050912	0	0.17370210852245932	0	0	0	0.9995252652507072	0	2.7274673796642715e-4	0	0	0.9329000421194948	0.8858380293579466	0.9770584888871815	0.9999580241880314	0.1505810630908691	0.05411048530589141	0.04472248696662706	1.5500554597675746	1.3316468360641975	0.23365857466566975	0.09823303699858488	0.038821593062616455	0.037004228606170975	1.7883581030811069	1.6072313908380935	0.21948740597906968	14.171005699945233	600	0.07760722222222223	1.0159461474225466	180	180	0	0	135.171520579239	187.90740568395523	73.68299318709097	427.562645985548	1626.3172357073213	5726.7556240482	418.44844191213656	8429.325858643797	0	0	0	0	0	0	0	0	0.3111643512253535	0.43055110301258337	0.16821947670221082	0.18974742988074186	0.6711895669149073	0.049424980908362295	-0.017490295084158818	0.1781546458420539	0	0
300.5608795386322	368.76922600905914	669.7413555614723	-0	-0	-0	2.199831848405803	8.319026892499211	3.6972376659949817	14.171005699945244	0.15523470210828472	0.5870456246116216	0.2609015721452478	0	0	0	0	0	0	0	0	0	0	0	0	0	0	0	0.02392067747421617	0.29586263995504797	0	0	0	0.7563584007319848	0	0.23091707996901445	0	0	0	0.9996190208922429	0	3.459490165101202e-4	0	0	0.9632776544026016	0.9351487458274863	0.989969812525451	0.9999756797989454	0.1794276601121858	0.06023052859404987	0.0502429383448425	1.7604182064562446	1.394727772557825	0.30221305377162766	0.11478533314125605	0.044623811542860436	0.042036765765873785	2.031507300066432	1.6834332558249383	0.2866968762316191	14.171005699945244	600	0.07760722222222223	1.0159461474225466	180	180	0	0	151.1990224300389	205.53764376860676	81.51782753550674	436.1289006147104	1993.85022236238	6062.806738480815	519.3355130870584	8544.291232500778	0	0	0	0	0	0	0	0	0.34727050298515616	0.46963583962445465	0.1864639304451126	0.23283659463151152	0.7083916401669745	0.06097109715446361	-0.01386093093429264	0.19224637717831763	0	0
301.9627837594686	370.1996114566039	671.595148567653	-0	-0	-0	2.5657744668314404	8.67415010455273	3.858590542027519	14.171005699945256	0.18105803646958918	0.6121054700151765	0.2722876995273825	0	0	0	0	0	0	0	0	0	0	0	0	0	0	0	0.024050561234999185	0.29693505788345476	0	0	0	0.8172196077210598	0	0.30951427189020264	0	0	0	0.9997046317499247	0	4.336846945457529e-4	0	0	0.9839029404777728	0.9682761263208848	0.9952273129120617	0.9999889613982893	0.2164779255765562	0.06592818317838678	0.055961375527282364	1.9971660325697123	1.4592704971309707	0.36892916248702556	0.1318034327221833	0.0501874918234646	0.047583944323160765	2.2475281387803276	1.757521348152504	0.35495536333682054	14.171005699945256	600	0.07760722222222223	1.0159461474225466	180	180	0	0	167.27220722916002	221.57031571418452	88.26834880525288	446.6904753074523	2300.5542010714644	6378.266741712017	621.962112509094	8659.265878268146	0	0	0	0	0	0	0	0	0.3793227577397209	0.50670394118082	0.20358947936271116	0.2693246493739946	0.7496574434110154	0.07243304103133852	-0.010321862052724892	0.20393799405470003	0	0
305.9838851375333	373.95336079540436	676.2851392840311	-0	-0	-0	3.2465124695334615	9.22966859385428	4.093780825438443	14.17100569994528	0.2290954176629826	0.6513065331622824	0.28888428331196453	0	0	0	0	0	0	0	0	0	0	0	0	0	0	0	0.024419275839635983	0.29973114890245406	0	0	0	0.8921136297129524	0	0.4384754830510623	0	0	0	0.9998256972578139	0	6.015318335753453e-4	0	0	0.9993633591626111	0.9963564585417689	0.9997033282264051	0.9999991094129508	0.2932795281176108	0.0758394048124073	0.06588218468380973	2.5535257767389594	1.5968543058447227	0.4849219642417166	0.16423522535485177	0.06036357996043257	0.05835481674702795	2.6499250948483035	1.9089506481840803	0.45353811556163315	14.17100569994528	600	0.07760722222222223	1.0159461474225466	180	180	0	0	196.77734193612665	248.99662278837303	100.01990363715657	464.11012408544605	2863.388628040336	6938.230563973248	759.131999379523	8886.979021320105	0	0	0	0	0	0	0	0	0.4392123444945396	0.565467812237596	0.23252950453251522	0.33210254939290856	0.8103961040872482	0.09003327916511407	-0.004296908655144436	0.23054894776412294	0	0
305.9838851375333	373.95336079540436	676.2851392840311	-0	-0	-0	3.2465124695334615	9.22966859385428	4.093780825438443	14.17100569994528	0.2290954176629826	0.6513065331622824	0.28888428331196453	0	0	0	0	0	0	0	0	0	0	0	0	0	0	0	0.024419275839635983	0.29973114890245406	0	0	0	0.8921136297129524	0	0.4384754830510623	0	0	0	0.9998256972578139	0	6.015318335753453e-4	0	0	0.9993633591626111	0.9963564585417689	0.9997033282264051	0.9999991094129508	0.2932795281176108	0.0758394048124073	0.06588218468380973	2.5535257767389594	1.5968543058447227	0.4849219642417166	0.16423522535485177	0.06036357996043257	0.05835481674702795	2.6499250948483035	1.9089506481840803	0.45353811556163315	14.17100569994528	600	0.07760722222222223	1.0159461474225466	180	180	0	0	196.77734193612665	248.99662278837303	100.01990363715657	464.11012408544605	2863.388628040336	6938.230563973248	759.131999379523	8886.979021320105	0	0	0	0	0	0	0	0	0.4392123444945396	0.565467812237596	0.23252950453251522	0.33210254939290856	0.8103961040872482	0.09003327916511407	-0.004296908655144436	0.23054894776412294	0	0
